StaffID,HospitalID,DeptID,Role,ExperienceYears,Salary,Status
1,6,47,Technician,7,28315.66,Active
2,8,63,Technician,7,61714.14,Active
3,9,71,Nurse,9,70372.01,Contract
4,8,62,Nurse,5,55537.37,Active
5,2,9,Technician,5,46324.08,Active
6,7,52,Technician,7,48382.57,Active
7,1,2,Technician,4,45237.38,Active
8,4,32,Nurse,4,70156.99,Active
9,9,69,Doctor,6,96116.27,Active
10,3,20,Doctor,5,231078.49,Active
11,5,40,Nurse,4,76234.68,Active
12,6,42,Nurse,6,74860.79,Active
13,5,37,Nurse,12,48614.14,On Leave
14,4,25,Nurse,1,57436.69,Active
15,7,54,Doctor,3,164084.06,Active
16,6,48,Doctor,7,126598.45,Active
17,5,38,Admin,10,47899.39,Active
18,3,17,Nurse,10,45284.85,Active
19,4,32,Technician,7,48600.29,Active
20,3,23,Nurse,7,70468.06,Active
21,7,50,Nurse,11,58914.01,Active
22,7,51,Nurse,4,31867.41,Retired
23,9,70,Technician,8,40454.16,Active
24,7,55,Nurse,4,49941.05,Active
25,3,19,Admin,2,54692.69,Active
26,3,23,Nurse,5,34693.66,Active
27,1,1,Nurse,8,35803.63,Active
28,9,69,Nurse,4,68168.22,On Leave
29,5,39,Nurse,6,30765.23,Active
30,3,19,Admin,5,21927.9,Active
31,4,32,Doctor,10,100404.2,Active
32,6,46,Doctor,1,192451.02,Active
33,1,8,Technician,8,40717.84,Active
34,5,36,Doctor,10,202630.66,Active
35,4,30,Admin,6,52688.37,Active
36,10,76,Admin,6,42085.43,On Leave
37,7,52,Doctor,6,172429.33,Active
38,1,5,Nurse,12,55666.31,Active
39,5,38,Nurse,8,68857.35,Active
40,7,54,Doctor,6,201146.08,Active
41,9,72,Nurse,8,78161.13,Retired
42,6,44,Technician,6,51816.44,Active
43,8,57,Nurse,7,44048.16,Active
44,2,16,Admin,6,41427.96,On Leave
45,6,41,Nurse,3,50560.34,Active
46,10,77,Nurse,10,31318.35,Active
47,5,33,Technician,8,25472.87,Active
48,1,1,Technician,1,51668.58,Active
49,9,69,Doctor,11,190755.1,Active
50,4,32,Doctor,2,164724.78,On Leave
51,7,54,Technician,8,54205.49,Active
52,2,14,Nurse,3,47529.38,Active
53,4,30,Technician,6,44944.09,Retired
54,1,5,Doctor,5,183120.85,Active
55,9,66,Doctor,4,109206.88,Active
56,10,75,Technician,5,50702.31,Active
57,7,50,Nurse,5,57435.77,Active
58,1,5,Nurse,5,69970.52,On Leave
59,7,56,Nurse,6,40467.47,Active
60,7,56,Nurse,5,42621.85,Active
61,1,7,Nurse,6,35243.46,Active
62,4,28,Admin,2,32462.41,Active
63,6,44,Nurse,6,66841.12,Active
64,1,8,Doctor,8,230053.77,Active
65,7,53,Nurse,3,39328.35,Active
66,8,62,Nurse,3,30912.12,Active
67,5,36,Doctor,5,163612.32,Active
68,7,51,Nurse,10,65361.5,On Leave
69,2,14,Technician,5,37464.17,Active
70,2,10,Nurse,5,30135.54,Active
71,2,9,Nurse,10,33324.81,Active
72,5,40,Admin,7,29249.21,Active
73,10,78,Nurse,8,67380.47,Active
74,2,15,Technician,5,45713.97,Active
75,9,70,Doctor,9,136758.31,Active
76,4,27,Nurse,7,72322.61,Active
77,7,52,Technician,8,34071.96,Active
78,9,69,Admin,8,24527.81,Active
79,8,60,Nurse,4,62568.36,Active
80,4,31,Technician,9,60833.68,Active
81,8,63,Doctor,6,180558.23,Active
82,5,35,Nurse,7,52621.98,Active
83,7,51,Nurse,3,45573.66,On Leave
84,4,29,Nurse,4,78053.52,On Leave
85,7,49,Nurse,6,51339.45,Active
86,7,56,Admin,3,37522.34,Active
87,5,40,Admin,8,32702.7,On Leave
88,7,55,Technician,5,30246.1,Active
89,7,50,Nurse,7,58472.18,Active
90,7,51,Nurse,5,71510.99,Active
91,9,68,Nurse,4,61662.04,Contract
92,5,33,Nurse,2,59152.08,Active
93,8,60,Nurse,6,71532.73,Active
94,5,37,Admin,8,52309.33,Contract
95,2,14,Nurse,6,75028.62,Active
96,5,37,Doctor,2,176477.47,Active
97,5,38,Admin,4,25900.65,Active
98,4,27,Nurse,10,38314.17,Active
99,9,65,Doctor,4,143350.91,Active
100,8,59,Nurse,7,43113.2,On Leave
101,8,62,Doctor,6,195738.83,Retired
102,6,42,Doctor,3,235154.91,Active
103,2,12,Nurse,5,39256.65,Active
104,8,62,Nurse,11,32208.27,Active
105,2,16,Technician,5,35893.96,Active
106,6,48,Nurse,4,52757.18,Active
107,8,59,Nurse,4,33847.66,Active
108,5,37,Nurse,10,50875.3,On Leave
109,6,42,Nurse,1,39273.65,Active
110,3,18,Nurse,13,41938.86,Active
111,1,3,Nurse,7,35473.38,Active
112,9,68,Nurse,7,60670.57,Active
113,4,25,Doctor,6,97041.8,Active
114,8,57,Admin,4,54918.59,Contract
115,7,49,Doctor,10,95229.77,Active
116,9,68,Nurse,4,74437.4,On Leave
117,4,25,Technician,5,34105.96,On Leave
118,5,38,Nurse,4,64162.94,Active
119,9,69,Technician,10,58726.43,Active
120,8,59,Nurse,10,71290.84,Contract
121,2,10,Nurse,3,57809.09,Active
122,10,77,Technician,2,48677.08,Active
123,3,17,Nurse,2,70933.97,On Leave
124,9,70,Doctor,2,216018.23,Active
125,4,28,Doctor,6,196225.81,Active
126,3,22,Nurse,3,72620.73,Active
127,2,14,Technician,5,24884.94,Active
128,1,6,Nurse,3,37946.91,Active
129,4,29,Nurse,8,36566.76,On Leave
130,9,67,Technician,7,63359.11,Active
131,1,1,Nurse,9,40185.06,Active
132,7,53,Doctor,3,209519.67,Active
133,6,44,Nurse,5,36259.29,Active
134,2,9,Technician,4,55902.36,Active
135,2,11,Nurse,13,35139.62,Active
136,6,46,Doctor,5,138969.2,On Leave
137,1,2,Admin,7,45261.79,Active
138,2,15,Technician,3,52259.03,Active
139,1,6,Doctor,12,207574.88,Active
140,1,3,Nurse,3,59663.93,On Leave
141,2,12,Technician,5,55587.94,On Leave
142,7,55,Technician,2,50130.52,Active
143,5,37,Nurse,6,42884.14,Active
144,10,76,Technician,10,25175.78,On Leave
145,9,66,Nurse,9,68800.01,Active
146,6,42,Doctor,7,167222.6,On Leave
147,1,2,Technician,5,47536.51,Contract
148,10,76,Technician,4,30790.32,On Leave
149,10,74,Doctor,7,146903.79,Active
150,5,37,Nurse,8,79334.65,On Leave
151,10,73,Technician,3,42087.96,On Leave
152,8,59,Technician,3,63465.2,Active
153,6,43,Technician,4,44869.2,Active
154,3,23,Technician,3,52187.23,On Leave
155,1,8,Nurse,7,77230.71,Active
156,10,74,Nurse,4,35655.49,Active
157,6,46,Technician,9,58657.55,Active
158,6,48,Doctor,3,187576.75,Active
159,1,4,Nurse,8,46229.29,On Leave
160,10,76,Admin,7,41547.16,Active
161,9,72,Nurse,7,47062.39,Active
162,2,12,Admin,5,47140.65,Active
163,6,43,Admin,2,43661.61,Active
164,2,15,Admin,5,38005.51,Active
165,7,52,Admin,9,25312.79,Active
166,10,74,Doctor,7,212362.3,Active
167,6,44,Technician,7,48439.24,Active
168,6,42,Nurse,8,61192.97,Active
169,7,55,Nurse,5,31181.93,Active
170,2,15,Nurse,5,37088.72,Active
171,8,64,Doctor,7,105616.45,On Leave
172,6,42,Nurse,8,52120.5,Active
173,8,60,Technician,6,36973.35,Active
174,1,3,Nurse,3,79774.02,Active
175,4,30,Nurse,6,50473.89,Active
176,4,30,Nurse,8,79624.18,Active
177,9,65,Technician,5,57042.71,Active
178,5,38,Nurse,2,41367.87,Active
179,9,66,Nurse,8,69313.8,Active
180,2,15,Doctor,11,102137.89,Active
181,3,21,Admin,2,54506.3,Active
182,2,10,Admin,8,34953.21,Active
183,4,25,Nurse,5,68836.18,Active
184,2,13,Doctor,4,92653.17,Active
185,1,2,Nurse,4,32908.19,Active
186,2,11,Nurse,5,69134.8,Active
187,1,7,Nurse,7,56352.07,Active
188,7,50,Nurse,5,71376.89,On Leave
189,1,5,Technician,2,24767.69,Active
190,10,79,Doctor,7,99692.5,Active
191,4,32,Nurse,5,54412.06,Active
192,9,68,Technician,9,50347.69,Active
193,6,41,Nurse,4,75088.1,Active
194,3,21,Doctor,8,238241.29,Active
195,1,8,Nurse,3,33562.84,Active
196,3,24,Technician,7,38193.65,Active
197,8,58,Nurse,4,34108.58,Active
198,1,8,Doctor,6,186585.64,Active
199,8,62,Nurse,4,54300.78,Active
200,4,32,Nurse,7,51603.84,Active
201,3,22,Technician,4,63696.62,Active
202,4,32,Doctor,8,117089.19,Active
203,10,75,Doctor,6,103780.63,Retired
204,7,50,Nurse,8,64444.27,Active
205,5,39,Nurse,9,73990.82,Active
206,2,10,Nurse,10,67477.27,Active
207,7,53,Nurse,6,52430.53,Contract
208,3,20,Nurse,4,38918.63,Retired
209,10,74,Technician,7,47199.35,Active
210,7,55,Technician,5,36884.32,Active
211,8,63,Technician,2,55395.88,Active
212,4,31,Technician,6,26501.69,Active
213,6,47,Nurse,9,58593.61,Active
214,2,16,Nurse,9,32806.81,Active
215,5,35,Technician,7,27224.06,Active
216,5,39,Nurse,6,67568.75,Active
217,3,24,Doctor,2,96689.24,Active
218,1,7,Nurse,7,54378.56,Active
219,7,56,Nurse,4,68592.89,Active
220,9,70,Nurse,6,50939.67,Active
221,2,14,Technician,9,28563.83,Active
222,7,50,Nurse,6,50198.89,Active
223,6,43,Nurse,3,52915.03,Active
224,9,65,Nurse,4,73099.35,On Leave
225,7,51,Nurse,6,69313.91,Active
226,8,64,Technician,5,29050.15,Active
227,10,79,Nurse,6,33260.23,Active
228,1,3,Nurse,9,56166.48,Active
229,3,24,Technician,7,41904.12,Retired
230,9,70,Nurse,7,39211.24,Active
231,4,32,Nurse,4,74120.82,Active
232,2,12,Nurse,9,36491.32,Active
233,9,69,Nurse,6,72908.85,Active
234,7,50,Nurse,9,42217.0,Active
235,4,28,Nurse,4,52517.55,Active
236,8,58,Nurse,7,66964.74,Active
237,5,34,Nurse,4,41358.98,Active
238,9,72,Nurse,2,73319.33,Active
239,6,47,Doctor,2,135591.96,Active
240,6,46,Doctor,8,115362.16,Active
241,6,46,Doctor,7,200985.62,Active
242,4,26,Nurse,13,40922.16,Active
243,7,53,Technician,3,42750.72,Active
244,2,14,Technician,4,60115.8,Active
245,1,8,Nurse,9,69458.04,Active
246,3,21,Doctor,4,226444.02,Active
247,9,68,Admin,3,45305.77,Active
248,5,40,Nurse,10,55618.19,Active
249,4,28,Nurse,7,50348.6,Active
250,4,25,Admin,1,42142.51,Active
251,4,27,Doctor,5,181617.01,Active
252,7,56,Doctor,7,155780.77,Active
253,8,64,Nurse,6,47261.16,Active
254,5,39,Nurse,3,52529.85,Active
255,6,46,Doctor,7,197764.38,Active
256,9,69,Technician,0,49456.05,Active
257,4,30,Technician,4,39353.56,Retired
258,5,36,Doctor,4,102027.0,Active
259,2,15,Nurse,8,37716.08,Active
260,1,3,Admin,5,21409.73,Active
261,2,12,Technician,4,46345.7,Active
262,4,25,Nurse,9,69919.02,Active
263,9,67,Doctor,5,145507.85,Active
264,5,33,Technician,4,54476.27,Active
265,6,47,Doctor,3,141090.62,Contract
266,2,11,Technician,8,43423.59,Active
267,8,59,Nurse,3,76281.87,Active
268,7,51,Nurse,3,75004.16,Active
269,5,37,Technician,10,45656.3,Active
270,5,37,Doctor,7,116575.64,Retired
271,6,46,Nurse,7,70837.85,Active
272,7,51,Technician,7,58102.31,Active
273,5,36,Technician,6,53834.4,Retired
274,1,5,Nurse,10,44289.18,Active
275,5,33,Nurse,10,70329.47,Active
276,5,35,Nurse,6,74173.24,Active
277,8,59,Nurse,6,73602.42,On Leave
278,2,10,Technician,5,62297.92,Active
279,6,47,Technician,4,25766.48,Active
280,5,36,Nurse,9,54381.39,Active
281,6,46,Nurse,3,57456.52,Active
282,2,14,Technician,6,44024.97,Active
283,2,16,Nurse,6,44625.75,Active
284,7,55,Nurse,9,74432.95,On Leave
285,3,23,Technician,8,35598.8,Active
286,4,30,Doctor,5,110074.25,Retired
287,10,75,Doctor,3,207452.5,Active
288,3,18,Nurse,4,42341.19,Active
289,8,64,Nurse,5,69446.62,Active
290,2,15,Nurse,6,58231.45,Active
291,8,60,Doctor,2,115042.96,Active
292,3,21,Nurse,6,53770.33,Active
293,2,12,Nurse,6,61721.21,Active
294,9,71,Nurse,9,60387.61,Active
295,5,34,Technician,5,51287.76,Active
296,7,54,Technician,4,28460.49,Active
297,2,10,Nurse,8,66810.02,Active
298,3,17,Doctor,6,158237.83,Active
299,2,16,Nurse,4,68507.91,Active
300,5,34,Doctor,5,186278.99,Active
301,2,12,Nurse,0,44990.03,Active
302,10,77,Admin,7,31602.05,Active
303,9,67,Nurse,8,56536.87,Active
304,7,50,Doctor,9,237248.0,Active
305,9,72,Doctor,7,223521.17,Active
306,6,46,Nurse,2,61546.09,Active
307,10,75,Admin,4,54217.49,Active
308,6,46,Nurse,5,32195.0,Active
309,1,6,Technician,7,62425.08,Active
310,2,16,Technician,8,32558.28,Active
311,4,26,Nurse,4,49760.3,Active
312,10,80,Doctor,8,174762.8,Active
313,6,44,Admin,1,33496.03,Active
314,4,28,Technician,6,41148.08,Active
315,9,67,Doctor,1,225207.46,Active
316,7,54,Doctor,6,203139.75,Active
317,5,35,Nurse,5,58692.06,Active
318,9,68,Admin,9,44784.25,Active
319,6,41,Technician,11,55214.62,Active
320,2,15,Technician,5,49441.7,Active
321,9,68,Nurse,5,66337.46,Active
322,3,24,Nurse,5,76550.5,On Leave
323,7,53,Admin,1,35579.8,Active
324,7,54,Nurse,4,51874.1,Active
325,7,51,Technician,3,49625.42,Retired
326,6,41,Nurse,7,75097.01,Active
327,5,39,Nurse,5,67691.49,Active
328,4,32,Doctor,5,180233.08,Active
329,7,52,Doctor,7,113853.75,Active
330,2,15,Nurse,9,46780.52,Active
331,7,52,Nurse,5,45599.2,Active
332,2,15,Technician,4,28975.31,Active
333,10,78,Nurse,8,55239.78,On Leave
334,4,27,Technician,10,56656.43,Active
335,8,57,Nurse,6,63701.0,On Leave
336,2,12,Nurse,6,33417.66,Active
337,8,59,Nurse,4,40270.07,On Leave
338,5,39,Technician,7,35114.11,Active
339,8,63,Doctor,6,150540.15,Active
340,9,69,Technician,4,48219.31,Active
341,5,35,Nurse,5,33779.18,Active
342,3,20,Nurse,5,30755.53,Active
343,9,67,Admin,7,27092.86,Active
344,4,26,Nurse,4,68615.05,Active
345,4,30,Doctor,4,157538.14,Active
346,1,1,Nurse,8,74502.85,Active
347,4,25,Doctor,4,178418.1,Retired
348,3,17,Technician,6,60460.85,Active
349,8,63,Admin,2,52890.89,Contract
350,10,75,Nurse,11,60839.18,Active
351,9,65,Doctor,7,219779.0,Active
352,7,54,Nurse,7,56751.28,Active
353,5,37,Admin,8,21990.89,Active
354,10,79,Nurse,2,50438.86,Active
355,5,38,Nurse,9,76228.05,Active
356,4,27,Nurse,9,47721.25,Active
357,8,58,Nurse,6,72940.84,On Leave
358,6,42,Nurse,4,44797.14,Active
359,5,37,Nurse,9,57068.48,Retired
360,4,30,Technician,3,38170.85,Active
361,5,36,Nurse,3,42186.47,Active
362,3,19,Nurse,10,46377.61,Contract
363,2,13,Nurse,5,46860.33,Active
364,4,26,Admin,11,28766.52,Active
365,4,26,Nurse,2,56782.83,Active
366,9,65,Doctor,5,166584.27,Active
367,3,19,Technician,7,26678.94,Active
368,3,22,Technician,9,61701.84,Active
369,9,67,Nurse,3,48478.71,On Leave
370,8,60,Nurse,4,63084.21,Active
371,7,49,Doctor,3,97298.65,Contract
372,5,36,Nurse,10,39748.76,Active
373,1,6,Doctor,11,120338.13,Active
374,8,59,Nurse,8,52192.96,Active
375,3,23,Admin,8,27682.43,On Leave
376,2,13,Nurse,10,40861.54,Active
377,5,37,Technician,3,46293.49,Active
378,6,46,Technician,11,27796.72,Active
379,3,20,Nurse,5,58558.11,Active
380,2,16,Admin,2,33614.94,Active
381,7,54,Nurse,4,68217.67,Active
382,7,49,Admin,8,55673.77,Active
383,3,19,Technician,9,63825.24,On Leave
384,2,12,Nurse,10,61582.18,Active
385,6,41,Nurse,7,32117.11,On Leave
386,6,47,Nurse,4,38571.71,Active
387,10,79,Nurse,8,76065.38,Active
388,4,26,Nurse,4,41539.73,Contract
389,7,55,Nurse,10,74868.29,Active
390,8,57,Nurse,4,78767.16,Active
391,7,49,Nurse,8,77119.17,Active
392,4,32,Nurse,6,69914.66,Active
393,8,64,Doctor,3,143297.96,Active
394,2,13,Nurse,3,47132.26,Active
395,3,22,Technician,7,48959.94,Active
396,8,60,Technician,5,40744.29,Active
397,2,9,Technician,6,29054.26,Active
398,2,13,Nurse,9,72989.73,Active
399,3,18,Admin,9,51436.21,Active
400,7,54,Doctor,6,131796.46,Active
401,4,28,Nurse,9,74699.26,On Leave
402,10,76,Technician,6,58962.87,Active
403,3,22,Nurse,5,43268.51,Active
404,1,1,Technician,4,35658.44,Active
405,1,8,Nurse,4,65124.42,Active
406,1,2,Nurse,9,62330.02,Retired
407,2,15,Nurse,4,57558.0,Active
408,7,52,Nurse,10,64781.23,On Leave
409,6,42,Technician,7,39492.9,On Leave
410,7,50,Nurse,5,44625.82,Active
411,3,21,Technician,12,62534.41,Active
412,7,52,Technician,6,36526.53,Active
413,4,28,Doctor,7,103854.08,Active
414,2,16,Admin,6,23103.37,Contract
415,10,73,Technician,7,32497.89,Active
416,7,53,Doctor,7,156008.71,Active
417,9,66,Technician,5,45258.2,Active
418,5,38,Nurse,8,40895.44,On Leave
419,9,68,Doctor,8,128090.67,Active
420,8,64,Nurse,5,33361.71,Active
421,1,2,Doctor,4,115878.58,Active
422,9,72,Nurse,8,32638.26,Active
423,10,76,Doctor,8,224382.63,Active
424,10,80,Technician,4,42667.72,Active
425,10,78,Nurse,7,40212.34,On Leave
426,8,60,Doctor,4,161339.43,Active
427,3,20,Nurse,7,55615.02,Active
428,8,63,Doctor,8,146018.69,Active
429,7,50,Admin,5,34834.08,Active
430,9,68,Doctor,3,123013.3,Active
431,9,66,Nurse,11,67619.89,Active
432,3,18,Nurse,6,77158.74,Active
433,1,4,Nurse,7,74217.76,Active
434,8,63,Doctor,1,236753.22,Active
435,1,4,Nurse,6,49112.61,Active
436,2,11,Nurse,7,33284.61,Active
437,6,47,Admin,9,32919.07,Active
438,6,41,Admin,3,29224.8,Active
439,3,21,Nurse,5,76345.82,Active
440,10,75,Nurse,4,69080.77,Active
441,6,47,Doctor,4,99282.86,Active
442,4,27,Nurse,5,51306.06,On Leave
443,6,43,Nurse,6,46872.71,Active
444,10,76,Nurse,9,40812.53,Active
445,3,21,Nurse,5,50422.78,Active
446,2,16,Nurse,7,46865.55,Active
447,5,36,Nurse,5,57279.11,Active
448,7,50,Nurse,6,79629.09,On Leave
449,1,7,Nurse,5,79258.73,Active
450,4,32,Nurse,8,71163.66,Active
451,1,4,Technician,6,55236.77,Active
452,9,71,Nurse,5,72344.36,Active
453,2,12,Doctor,4,90201.94,Active
454,5,38,Nurse,2,77153.09,Contract
455,10,77,Nurse,5,65069.16,On Leave
456,4,27,Technician,6,27263.95,Active
457,6,48,Technician,4,35837.28,Active
458,4,31,Technician,5,38510.14,Active
459,10,78,Nurse,11,71876.54,Active
460,3,20,Admin,2,30518.41,Active
461,8,59,Admin,4,44961.92,On Leave
462,2,14,Technician,6,59770.6,Contract
463,10,78,Admin,1,45924.8,Active
464,3,17,Nurse,7,70612.91,Active
465,3,22,Doctor,6,214458.43,Active
466,7,54,Nurse,10,45761.97,Active
467,7,51,Nurse,7,79734.21,Active
468,6,45,Technician,8,44942.54,Retired
469,4,26,Doctor,7,97213.85,Active
470,6,42,Doctor,5,182045.69,On Leave
471,9,65,Nurse,8,46865.14,On Leave
472,7,51,Nurse,3,68326.37,Active
473,7,54,Technician,8,47381.72,On Leave
474,8,57,Nurse,4,62905.11,Active
475,3,17,Doctor,6,182096.92,Retired
476,7,53,Nurse,7,53870.81,Active
477,1,7,Doctor,4,191343.2,On Leave
478,1,4,Doctor,6,141822.13,Active
479,5,36,Nurse,6,37572.28,Active
480,8,59,Admin,6,32025.36,Active
481,9,66,Technician,8,52882.64,Active
482,9,72,Nurse,4,74753.26,Active
483,10,74,Nurse,4,70719.34,Active
484,5,33,Admin,4,25448.37,Active
485,1,7,Nurse,4,71024.38,Active
486,9,68,Admin,3,28636.1,On Leave
487,1,6,Doctor,3,219943.87,Active
488,5,39,Nurse,5,60217.97,Contract
489,6,42,Nurse,5,37148.04,Active
490,2,10,Doctor,3,166756.12,Active
491,3,19,Technician,4,25032.38,Active
492,1,8,Nurse,6,32203.29,Active
493,6,41,Nurse,12,32955.29,Active
494,1,6,Technician,5,24167.5,Active
495,8,57,Doctor,5,93332.77,Active
496,9,67,Doctor,6,182629.37,Active
497,9,66,Nurse,8,64364.78,Active
498,2,14,Technician,7,53234.81,Active
499,8,60,Doctor,6,152372.79,On Leave
500,10,80,Doctor,7,199526.02,On Leave
501,4,26,Doctor,8,176339.01,Active
502,3,21,Nurse,5,47741.59,Active
503,7,50,Nurse,5,55658.75,Active
504,6,45,Doctor,5,133227.68,Active
505,6,41,Nurse,4,77073.71,Active
506,3,24,Doctor,3,128041.92,Active
507,1,1,Technician,3,59626.34,Active
508,3,19,Technician,5,31246.87,Active
509,7,55,Technician,6,52922.87,Active
510,2,10,Doctor,5,187406.82,Active
511,2,9,Admin,6,49270.12,Active
512,1,2,Technician,3,29317.12,On Leave
513,9,67,Nurse,4,36906.26,Active
514,2,13,Admin,4,38927.51,Active
515,7,56,Nurse,7,37594.31,Active
516,3,20,Nurse,6,45609.49,Active
517,10,75,Admin,5,48418.55,Active
518,9,68,Doctor,6,208195.52,Active
519,2,16,Doctor,6,218804.72,Active
520,4,27,Nurse,6,63467.85,Active
521,10,75,Nurse,5,77619.34,Contract
522,3,21,Nurse,9,62341.86,Active
523,5,35,Nurse,5,49169.86,Active
524,6,41,Technician,12,52225.42,On Leave
525,8,61,Nurse,6,78070.83,Active
526,2,15,Technician,10,26246.48,Active
527,10,79,Nurse,7,79136.98,Active
528,7,54,Nurse,10,43843.5,Active
529,1,2,Nurse,6,48820.75,Active
530,5,37,Nurse,3,75750.08,Active
531,8,64,Nurse,9,33650.18,Active
532,8,59,Admin,3,55801.56,Active
533,10,80,Technician,4,42088.1,Active
534,6,43,Doctor,5,159110.04,Active
535,9,67,Technician,9,58350.46,Active
536,6,47,Nurse,5,45390.96,Active
537,3,24,Nurse,4,48163.64,Active
538,3,22,Nurse,13,46314.11,Active
539,5,35,Technician,4,43061.06,On Leave
540,3,21,Technician,3,44471.22,Retired
541,9,65,Nurse,6,73920.79,Active
542,9,68,Nurse,9,35911.12,Active
543,8,58,Nurse,3,43699.4,Active
544,1,7,Doctor,9,183036.2,Active
545,10,80,Nurse,8,70413.41,Active
546,1,7,Nurse,12,76647.83,Active
547,10,80,Technician,7,59347.36,Contract
548,2,15,Technician,5,38415.76,Active
549,5,38,Nurse,5,49863.57,Active
550,8,62,Admin,6,36532.0,Active
551,4,29,Nurse,6,67991.18,Active
552,1,4,Technician,6,33079.14,Active
553,3,19,Nurse,6,75861.03,Active
554,3,19,Technician,13,26050.54,Active
555,2,10,Nurse,5,63085.19,Active
556,10,78,Nurse,6,65756.25,Active
557,10,75,Technician,10,24883.43,Active
558,10,79,Nurse,9,45470.64,Active
559,6,44,Nurse,4,70787.27,Active
560,7,51,Technician,5,38243.72,Active
561,9,69,Doctor,6,121761.88,Active
562,3,21,Doctor,9,169833.43,Active
563,2,10,Nurse,6,48986.87,Active
564,1,4,Nurse,4,46419.27,Active
565,2,11,Nurse,8,34248.31,Active
566,10,76,Technician,6,39513.37,Active
567,2,9,Nurse,4,76026.79,Active
568,1,6,Nurse,7,54174.9,Active
569,8,59,Nurse,7,79059.08,Active
570,4,25,Nurse,2,71708.21,Active
571,4,31,Doctor,4,95988.38,Active
572,5,35,Nurse,10,55831.38,Active
573,2,13,Nurse,7,76232.09,Active
574,7,53,Doctor,3,99581.97,Active
575,4,29,Doctor,8,91582.67,Active
576,1,7,Technician,10,36387.67,Active
577,1,7,Technician,6,48664.88,Active
578,5,37,Doctor,9,211285.58,On Leave
579,4,25,Doctor,2,95609.55,Active
580,2,9,Admin,11,32626.04,On Leave
581,7,56,Nurse,5,49956.31,Active
582,7,54,Technician,10,61907.45,Active
583,8,63,Doctor,5,133754.02,Active
584,10,80,Nurse,3,47739.86,Active
585,5,35,Nurse,3,69783.01,Active
586,1,4,Admin,3,45210.2,Active
587,4,31,Technician,10,43018.54,Active
588,9,67,Nurse,4,57485.86,Active
589,7,56,Nurse,4,71135.15,Active
590,2,16,Nurse,6,44892.97,Active
591,7,52,Doctor,2,101295.22,Active
592,5,34,Doctor,3,97872.26,Active
593,2,10,Admin,7,23772.46,Active
594,3,17,Technician,5,55340.06,Active
595,5,33,Technician,9,61814.87,Active
596,10,80,Doctor,7,131851.24,Active
597,9,65,Nurse,6,33716.73,Active
598,6,44,Nurse,7,70534.18,Active
599,1,7,Technician,6,53947.94,Active
600,9,69,Technician,8,48129.82,Active
601,10,73,Nurse,3,63400.16,On Leave
602,3,17,Nurse,4,41982.29,Active
603,4,28,Nurse,7,43042.46,On Leave
604,8,59,Nurse,4,65347.82,Active
605,5,39,Doctor,7,177182.32,Active
606,10,73,Nurse,8,56304.7,Active
607,3,22,Doctor,3,213262.86,Active
608,1,1,Nurse,4,68192.83,Active
609,3,18,Doctor,5,217491.97,Active
610,5,34,Doctor,5,216571.93,On Leave
611,4,32,Technician,3,31963.74,Active
612,6,48,Nurse,5,68016.41,Active
613,10,74,Nurse,2,73311.35,Active
614,3,24,Technician,5,44237.03,Active
615,5,40,Technician,2,49779.4,Active
616,5,36,Nurse,3,50459.13,Active
617,7,52,Doctor,9,105662.31,Active
618,2,12,Doctor,5,129106.32,On Leave
619,2,11,Nurse,5,52463.41,Active
620,9,66,Nurse,4,57698.97,Active
621,5,39,Nurse,8,71716.24,Active
622,5,37,Nurse,7,44826.88,Active
623,10,79,Doctor,4,111827.32,Active
624,4,28,Nurse,7,45787.17,Active
625,4,27,Nurse,7,55349.98,Active
626,3,19,Technician,8,51867.56,Active
627,4,27,Doctor,3,103766.64,Active
628,9,65,Nurse,7,33211.93,Active
629,8,64,Technician,14,36277.24,Active
630,4,26,Admin,3,41918.88,On Leave
631,7,52,Nurse,11,63583.01,Active
632,3,21,Doctor,4,180863.06,Active
633,2,9,Admin,4,27448.7,Active
634,9,71,Nurse,3,58638.51,Active
635,2,14,Admin,12,45285.21,Active
636,9,66,Nurse,8,69073.1,Active
637,1,2,Technician,5,62318.84,Active
638,1,3,Technician,6,54359.07,Active
639,4,28,Nurse,6,71634.69,Active
640,9,68,Nurse,7,75764.5,Active
641,1,7,Nurse,7,39511.4,Active
642,10,77,Doctor,3,111580.19,Active
643,10,80,Admin,5,24416.35,Active
644,5,36,Nurse,3,48294.96,Active
645,9,66,Doctor,5,223646.08,Active
646,4,31,Doctor,4,160052.68,Active
647,8,58,Technician,7,41205.71,On Leave
648,2,12,Doctor,8,130199.59,Active
649,8,57,Technician,1,37980.91,Active
650,1,6,Nurse,4,71150.18,Active
651,10,80,Technician,7,24281.72,Active
652,8,57,Technician,7,63097.53,Active
653,2,9,Nurse,5,43033.08,Active
654,2,9,Nurse,8,32831.28,Active
655,8,64,Nurse,5,60557.08,Active
656,7,56,Technician,4,45391.98,Active
657,2,13,Nurse,5,70680.44,Active
658,9,66,Technician,4,49748.79,Active
659,7,53,Technician,5,62389.83,Active
660,3,20,Admin,4,54092.32,Contract
661,4,26,Nurse,7,79112.8,Active
662,1,7,Nurse,6,73350.58,Active
663,5,33,Admin,3,52910.47,Active
664,10,77,Technician,10,42557.45,Active
665,4,29,Nurse,8,76496.78,Active
666,2,10,Technician,7,27368.52,Active
667,8,59,Doctor,5,187204.55,Active
668,2,11,Technician,3,40507.13,Active
669,2,12,Technician,5,51389.01,Active
670,6,46,Admin,5,24627.29,Active
671,4,32,Nurse,2,64012.53,Retired
672,4,26,Nurse,4,61654.26,Active
673,3,18,Nurse,10,76824.67,Active
674,10,76,Doctor,6,175116.48,Active
675,9,66,Nurse,5,37153.1,Contract
676,1,2,Nurse,2,59967.93,Active
677,8,58,Admin,3,23527.46,Active
678,4,25,Nurse,7,37860.19,Active
679,5,35,Doctor,7,158243.53,Active
680,5,33,Technician,4,58131.39,Active
681,5,39,Doctor,5,92388.04,Active
682,7,50,Nurse,8,73329.78,Active
683,9,69,Doctor,5,165920.98,Active
684,4,25,Technician,7,56218.65,Active
685,8,62,Technician,8,37361.82,Active
686,9,68,Doctor,6,193437.46,Active
687,2,16,Nurse,6,52888.23,Active
688,3,20,Nurse,5,66138.43,Active
689,9,70,Nurse,8,44089.87,Active
690,3,17,Admin,3,41414.67,Active
691,4,25,Doctor,2,227204.18,Active
692,2,9,Nurse,5,30195.92,Active
693,8,63,Nurse,9,45673.87,Active
694,2,15,Nurse,8,67826.96,Active
695,7,50,Nurse,3,63632.22,Active
696,9,67,Admin,2,22136.48,Active
697,3,21,Nurse,7,33083.73,Active
698,9,72,Admin,4,42904.44,Active
699,6,43,Nurse,2,74120.46,Active
700,2,12,Nurse,4,78505.84,Contract
701,6,44,Nurse,2,34491.11,Active
702,4,27,Technician,7,57687.75,Active
703,8,57,Technician,2,59760.29,Active
704,2,11,Technician,5,26048.97,Active
705,7,53,Nurse,6,37570.52,Active
706,1,7,Nurse,5,79296.71,Active
707,4,25,Doctor,11,171618.9,Active
708,8,58,Nurse,4,34571.31,Active
709,4,25,Nurse,3,50016.49,Active
710,3,19,Doctor,6,236214.01,Active
711,10,75,Nurse,8,71777.01,Active
712,7,55,Doctor,8,156666.14,Active
713,4,32,Doctor,8,222187.6,On Leave
714,8,62,Nurse,6,49118.17,Contract
715,7,54,Nurse,2,60054.56,Active
716,3,17,Technician,7,27374.84,Active
717,1,6,Nurse,5,77537.24,Active
718,9,67,Technician,7,29028.24,Active
719,1,1,Doctor,6,152656.29,Active
720,10,80,Technician,6,29952.35,Active
721,8,62,Technician,7,42792.17,Active
722,4,28,Admin,6,42223.51,Active
723,2,14,Nurse,7,31392.05,On Leave
724,6,47,Nurse,6,50683.28,Active
725,5,33,Technician,9,58934.44,Active
726,3,17,Nurse,4,67405.28,Active
727,4,31,Nurse,8,79418.53,Active
728,6,43,Doctor,4,148086.91,Active
729,4,31,Nurse,7,56476.68,Active
730,6,46,Nurse,6,51549.39,Active
731,7,54,Nurse,3,54958.49,Active
732,7,56,Technician,3,37891.54,Active
733,6,44,Admin,10,36717.92,Active
734,9,70,Admin,7,37887.26,Retired
735,8,64,Doctor,1,163699.56,Active
736,3,18,Nurse,4,65299.26,Active
737,7,55,Nurse,4,41088.97,Retired
738,9,71,Doctor,2,102714.92,Active
739,8,63,Technician,7,27635.06,Active
740,8,62,Doctor,7,99998.97,Active
741,3,21,Nurse,7,33770.61,Active
742,9,70,Nurse,7,78963.16,Active
743,9,65,Nurse,6,68050.3,Retired
744,10,78,Nurse,2,44160.95,Active
745,4,26,Nurse,4,47809.7,Active
746,3,21,Nurse,4,33925.49,Active
747,3,21,Nurse,9,51882.32,Active
748,2,13,Technician,4,39360.76,Active
749,8,63,Nurse,6,57534.52,Active
750,8,64,Nurse,6,73477.06,Active
751,8,58,Nurse,6,40043.86,Contract
752,6,48,Nurse,7,67164.72,On Leave
753,9,71,Nurse,7,34270.12,Active
754,8,60,Technician,6,52975.45,Active
755,5,38,Technician,6,40718.74,Active
756,4,26,Doctor,4,211253.67,Active
757,3,20,Technician,6,49854.6,Active
758,5,36,Nurse,2,72937.25,Active
759,3,24,Nurse,6,55850.31,On Leave
760,8,58,Technician,7,35355.13,Active
761,6,42,Admin,8,37077.11,Active
762,7,49,Technician,5,41546.71,Active
763,3,18,Doctor,6,205840.13,Active
764,5,37,Doctor,5,172452.69,Active
765,9,66,Doctor,6,231566.12,Active
766,3,18,Nurse,13,55915.94,Active
767,9,71,Nurse,5,33159.41,Active
768,7,51,Doctor,7,133086.2,Active
769,4,28,Admin,5,31944.97,Active
770,2,10,Nurse,4,66462.01,Active
771,2,10,Technician,7,51534.3,Active
772,2,15,Admin,5,24869.01,Active
773,6,42,Nurse,8,32725.59,Active
774,10,75,Nurse,8,78762.23,On Leave
775,3,22,Technician,5,61261.78,Active
776,2,13,Doctor,5,190567.0,Retired
777,6,43,Nurse,4,75472.18,On Leave
778,4,31,Doctor,4,229723.56,Active
779,3,17,Doctor,8,220924.54,Active
780,4,31,Nurse,4,58903.61,Active
781,4,28,Nurse,6,39031.83,Retired
782,7,54,Technician,8,38328.76,Active
783,10,80,Nurse,8,70076.97,Active
784,4,30,Nurse,11,32910.88,Active
785,3,20,Nurse,5,50597.33,Active
786,6,44,Nurse,10,55579.53,Active
787,8,58,Admin,6,49418.87,Active
788,2,14,Nurse,4,41433.54,Active
789,6,47,Nurse,4,70969.91,Active
790,2,16,Nurse,9,64565.09,Active
791,6,45,Doctor,4,152001.37,Active
792,6,44,Nurse,5,56830.38,Active
793,9,72,Nurse,4,70241.64,Active
794,6,48,Nurse,10,63067.51,Active
795,10,75,Nurse,5,42062.22,Active
796,3,20,Nurse,2,60333.08,Retired
797,3,23,Nurse,5,57534.53,Active
798,9,65,Nurse,7,30470.99,Active
799,2,10,Doctor,8,178622.38,Active
800,2,11,Nurse,5,40259.36,Active
801,4,25,Nurse,8,50198.81,Active
802,2,16,Nurse,2,61689.85,Active
803,7,55,Technician,5,24777.85,On Leave
804,2,14,Admin,5,46840.34,Active
805,8,64,Nurse,4,62699.71,Active
806,8,59,Nurse,5,32158.51,Active
807,2,10,Nurse,5,40069.96,Active
808,6,44,Doctor,8,105764.63,Active
809,6,43,Nurse,6,75373.16,Active
810,8,61,Nurse,5,53935.09,On Leave
811,9,71,Doctor,4,227663.8,Active
812,2,9,Nurse,8,74560.04,Active
813,4,32,Technician,8,47238.74,Active
814,5,38,Nurse,7,42088.23,Active
815,2,13,Nurse,7,49888.67,Active
816,4,29,Admin,8,42177.49,Active
817,4,27,Admin,6,53635.54,Active
818,7,56,Nurse,7,51016.67,Active
819,3,23,Nurse,9,36578.27,On Leave
820,3,24,Nurse,7,74380.42,Active
821,4,28,Nurse,9,32353.06,Active
822,5,39,Nurse,9,32194.05,On Leave
823,3,21,Technician,4,56235.65,Active
824,5,37,Nurse,7,51508.8,Active
825,4,30,Nurse,5,74050.2,Active
826,6,41,Nurse,7,54639.07,Active
827,4,32,Nurse,10,42834.03,Active
828,6,43,Nurse,5,48129.16,Contract
829,3,24,Nurse,6,54117.81,Active
830,8,61,Admin,5,41165.58,Active
831,4,32,Technician,5,34740.0,Active
832,4,31,Admin,5,25302.27,Active
833,3,22,Doctor,5,237737.21,Active
834,3,19,Nurse,10,58956.49,Active
835,8,61,Doctor,5,129453.88,Active
836,9,67,Nurse,9,74743.46,Active
837,2,11,Nurse,3,70512.96,Active
838,6,47,Nurse,4,64481.93,Active
839,10,73,Doctor,5,190441.69,Contract
840,8,58,Technician,2,41351.13,Active
841,6,45,Nurse,6,65705.96,Active
842,10,79,Nurse,5,45481.59,Active
843,6,47,Nurse,9,31758.73,Active
844,1,4,Nurse,10,63848.84,Active
845,2,11,Admin,7,52983.51,Active
846,2,14,Technician,9,47302.76,Active
847,10,77,Nurse,3,34754.68,Active
848,7,52,Nurse,7,70373.9,Retired
849,3,24,Technician,6,58683.2,Active
850,9,72,Nurse,7,74186.67,Active
851,5,33,Nurse,4,60473.39,Active
852,8,62,Nurse,11,72298.26,Active
853,1,2,Technician,3,44007.92,Active
854,4,32,Nurse,4,44620.75,Active
855,1,2,Admin,8,41043.9,Active
856,7,56,Doctor,9,107008.06,Active
857,5,33,Doctor,6,232709.46,Active
858,7,56,Nurse,2,38429.95,Active
859,6,43,Admin,4,25205.57,On Leave
860,3,17,Technician,7,58006.88,Active
861,7,49,Doctor,3,239613.44,Active
862,9,69,Nurse,11,74410.46,Active
863,4,32,Nurse,8,37861.78,Active
864,5,33,Doctor,11,138993.29,On Leave
865,8,61,Nurse,1,52501.21,Active
866,2,16,Technician,4,28795.52,Active
867,7,49,Nurse,3,33662.28,Active
868,10,77,Nurse,5,72496.87,Active
869,9,69,Nurse,3,66324.84,Active
870,2,10,Nurse,10,32671.73,Contract
871,1,3,Nurse,6,61040.94,Active
872,5,40,Nurse,7,64476.71,Active
873,5,36,Nurse,3,58019.95,Active
874,9,68,Admin,2,37783.17,Active
875,2,9,Nurse,3,33618.82,Active
876,5,37,Nurse,4,50369.11,Active
877,1,1,Admin,3,24364.4,Active
878,10,75,Admin,9,46444.23,Active
879,9,72,Nurse,4,53169.55,Active
880,6,41,Technician,2,60856.77,Active
881,5,36,Nurse,4,67418.76,Active
882,8,61,Nurse,3,58858.58,Active
883,6,43,Nurse,6,55194.44,On Leave
884,4,29,Nurse,10,61922.75,Active
885,6,47,Nurse,5,57446.63,Active
886,8,60,Nurse,7,43467.99,Active
887,3,24,Nurse,8,50760.69,Active
888,8,60,Doctor,6,184655.13,Active
889,3,18,Technician,8,32018.76,Active
890,1,4,Technician,4,57541.97,Active
891,10,78,Nurse,6,73321.37,On Leave
892,3,18,Nurse,1,45160.98,On Leave
893,1,7,Technician,6,31867.54,Active
894,10,80,Doctor,3,117440.3,Retired
895,3,18,Nurse,8,51786.72,Active
896,3,22,Admin,2,37003.06,Active
897,3,17,Nurse,9,33760.1,Active
898,6,45,Technician,8,56125.32,On Leave
899,6,44,Admin,4,49198.64,Active
900,7,56,Technician,3,33791.99,Active
901,4,29,Admin,6,32060.17,Contract
902,5,36,Nurse,4,66409.17,Active
903,10,79,Admin,5,33723.01,Retired
904,2,10,Admin,9,23764.32,On Leave
905,5,38,Doctor,5,221832.17,Active
906,3,24,Doctor,3,131234.35,Contract
907,4,30,Nurse,5,31794.64,Contract
908,1,7,Nurse,6,64414.65,Active
909,1,8,Admin,6,45040.33,On Leave
910,3,21,Nurse,4,52766.44,Active
911,4,25,Doctor,7,194026.48,Active
912,4,27,Nurse,6,70163.17,Active
913,2,10,Doctor,7,91600.84,Active
914,9,72,Technician,8,56475.59,Active
915,4,27,Technician,6,52300.91,Active
916,5,35,Technician,8,31327.93,On Leave
917,1,5,Technician,7,43245.03,Active
918,7,49,Doctor,5,139681.25,Active
919,6,41,Doctor,6,122070.18,Active
920,5,36,Nurse,7,41517.14,Active
921,1,6,Nurse,5,42378.23,Active
922,10,76,Technician,4,43793.14,Retired
923,9,66,Nurse,4,54136.42,Active
924,9,68,Doctor,5,184335.77,Active
925,2,11,Nurse,3,43115.25,Active
926,8,61,Doctor,5,110031.46,Active
927,8,59,Nurse,7,77547.07,Active
928,9,70,Technician,6,61720.83,Active
929,7,51,Nurse,6,51031.51,Active
930,6,41,Admin,2,49199.67,Active
931,8,62,Nurse,7,41800.4,Active
932,7,51,Doctor,3,90271.81,Active
933,2,10,Technician,5,58935.66,Active
934,3,17,Nurse,6,58350.62,Active
935,1,6,Nurse,2,50312.45,Active
936,8,64,Nurse,15,42460.19,Active
937,2,15,Nurse,6,52593.45,Active
938,4,32,Technician,3,24212.57,Active
939,7,56,Nurse,3,40806.79,Active
940,1,3,Doctor,6,218978.17,Active
941,5,40,Doctor,3,164653.19,Active
942,8,59,Nurse,3,62855.94,Active
943,3,20,Doctor,5,222855.29,Active
944,6,48,Nurse,2,60439.9,Active
945,5,34,Nurse,7,33725.52,Active
946,10,74,Doctor,8,93042.05,Active
947,2,9,Technician,10,58410.13,Active
948,9,67,Nurse,8,52061.48,Active
949,7,53,Doctor,11,159392.89,Active
950,8,57,Technician,3,24497.02,Active
951,5,33,Nurse,6,72621.94,Active
952,2,12,Technician,8,49046.96,Active
953,1,4,Doctor,6,149533.41,Active
954,10,79,Doctor,5,141102.81,Contract
955,10,77,Admin,7,24156.85,Active
956,1,7,Admin,6,30641.03,Active
957,6,48,Nurse,7,42075.31,Active
958,5,38,Technician,10,42926.91,Contract
959,4,26,Nurse,1,45463.41,Active
960,7,51,Admin,1,51502.75,Active
961,10,77,Technician,5,42003.81,On Leave
962,10,79,Nurse,5,58253.61,Active
963,1,8,Nurse,9,72168.67,Active
964,2,16,Nurse,9,30763.24,Active
965,6,44,Doctor,5,187513.87,Active
966,6,47,Nurse,5,36836.77,Active
967,9,72,Nurse,4,53432.58,Active
968,4,27,Doctor,4,220368.24,Active
969,7,51,Nurse,5,59809.13,Active
970,3,22,Nurse,6,50698.38,Active
971,3,21,Nurse,7,31125.22,Active
972,10,73,Nurse,6,58848.37,On Leave
973,6,42,Technician,9,44545.34,Active
974,7,52,Technician,6,30682.23,Active
975,6,42,Technician,7,59274.19,On Leave
976,6,43,Doctor,7,130286.94,Active
977,9,67,Doctor,6,136902.4,Active
978,7,49,Nurse,6,66840.26,Active
979,4,31,Doctor,3,145020.88,Active
980,9,65,Nurse,8,62012.55,Active
981,3,20,Nurse,10,72226.08,On Leave
982,8,57,Doctor,8,224189.68,Active
983,5,38,Nurse,9,43251.75,Active
984,8,57,Technician,9,41630.63,Active
985,1,4,Nurse,6,54898.82,Active
986,1,8,Nurse,2,62688.23,Active
987,6,46,Doctor,4,115555.09,Active
988,4,31,Nurse,4,70407.85,Active
989,2,11,Doctor,8,208605.44,Retired
990,1,2,Technician,4,42846.9,On Leave
991,2,10,Nurse,14,31581.0,Active
992,5,37,Nurse,12,70320.14,Contract
993,9,72,Admin,5,41676.38,Active
994,5,35,Technician,5,28153.58,Active
995,9,67,Nurse,8,66980.4,Active
996,6,48,Nurse,6,31314.89,Active
997,6,46,Nurse,7,35553.17,Active
998,6,46,Nurse,7,54790.97,Active
999,5,35,Technician,5,38255.46,On Leave
1000,3,20,Nurse,4,68180.76,Retired
1001,1,6,Nurse,7,40153.53,Active
1002,10,80,Nurse,2,44714.69,Active
1003,3,20,Nurse,6,33617.42,On Leave
1004,7,54,Technician,6,50216.63,Active
1005,5,38,Technician,6,46939.98,Active
1006,5,34,Nurse,2,36308.48,Active
1007,1,5,Nurse,6,64491.05,On Leave
1008,6,44,Doctor,6,215334.72,Active
1009,6,46,Technician,3,46622.3,Active
1010,4,29,Nurse,4,76232.56,On Leave
1011,8,59,Nurse,9,30363.64,Retired
1012,1,6,Doctor,6,91455.05,On Leave
1013,2,9,Admin,5,32848.43,Active
1014,1,4,Admin,11,37901.31,Active
1015,8,61,Nurse,6,37875.03,Active
1016,2,14,Nurse,4,38566.23,On Leave
1017,8,63,Nurse,3,64329.33,Active
1018,5,34,Nurse,6,71268.9,Active
1019,2,13,Nurse,4,58240.96,Active
1020,5,37,Nurse,4,69247.78,Active
1021,2,15,Doctor,3,189228.65,Contract
1022,2,9,Nurse,4,43748.96,Active
1023,4,30,Admin,6,47590.25,Active
1024,10,80,Nurse,10,61247.11,Active
1025,8,63,Nurse,8,61501.73,Active
1026,3,17,Nurse,6,62972.28,On Leave
1027,1,1,Nurse,2,70646.42,Active
1028,3,23,Doctor,6,211194.85,Active
1029,8,62,Nurse,8,72305.96,Active
1030,2,13,Nurse,7,55871.63,Active
1031,4,26,Nurse,5,77529.7,Active
1032,3,18,Technician,10,61214.67,Retired
1033,2,9,Nurse,8,76672.05,Active
1034,2,13,Doctor,5,149856.07,Active
1035,1,5,Doctor,3,105311.24,Active
1036,2,10,Nurse,7,69600.16,On Leave
1037,5,39,Nurse,5,65870.18,Active
1038,7,50,Doctor,12,148942.61,Active
1039,10,77,Technician,10,43003.16,Retired
1040,6,48,Nurse,8,50358.21,Active
1041,1,2,Nurse,5,36306.79,Active
1042,6,42,Nurse,4,76665.52,Active
1043,10,78,Doctor,7,218311.22,Active
1044,4,28,Nurse,6,32389.99,Active
1045,10,73,Nurse,6,77696.04,Active
1046,6,47,Nurse,7,55279.29,Active
1047,10,74,Doctor,8,177452.8,Active
1048,9,69,Doctor,2,184706.62,Active
1049,10,75,Nurse,5,59463.37,Contract
1050,5,33,Doctor,7,104780.59,Active
1051,4,28,Nurse,3,61257.3,Active
1052,4,27,Admin,9,31767.93,Active
1053,8,60,Doctor,6,206228.76,Active
1054,2,15,Doctor,8,191620.02,Active
1055,1,7,Technician,6,27191.56,Active
1056,5,38,Nurse,14,30891.69,Active
1057,9,67,Nurse,7,42620.69,Active
1058,2,12,Admin,11,29745.67,Active
1059,2,16,Nurse,6,70483.71,Active
1060,6,47,Nurse,8,63700.07,On Leave
1061,8,59,Technician,8,37909.51,Active
1062,7,55,Nurse,4,72717.3,Active
1063,7,49,Doctor,4,100409.3,Active
1064,7,50,Doctor,6,221045.07,Active
1065,1,8,Nurse,5,38913.09,Active
1066,2,9,Nurse,10,66348.99,On Leave
1067,4,27,Doctor,5,91654.27,Active
1068,4,31,Doctor,4,166260.9,Active
1069,7,54,Technician,4,47927.3,On Leave
1070,2,16,Nurse,2,40652.87,Active
1071,4,32,Doctor,10,134623.9,On Leave
1072,6,45,Technician,5,52568.62,Active
1073,6,48,Doctor,5,137804.59,On Leave
1074,5,36,Nurse,5,71259.65,Retired
1075,5,33,Nurse,4,70659.11,Active
1076,2,9,Technician,7,36631.83,Active
1077,10,80,Doctor,6,91167.6,Active
1078,6,48,Nurse,3,34986.31,Active
1079,5,40,Nurse,7,33705.44,On Leave
1080,3,21,Nurse,7,31970.48,Active
1081,9,67,Doctor,4,183565.83,Contract
1082,10,75,Technician,4,43625.9,Active
1083,6,47,Admin,5,55610.65,Active
1084,8,57,Nurse,5,60205.78,Active
1085,10,78,Nurse,4,47398.43,Active
1086,6,44,Admin,3,36781.76,Active
1087,10,76,Technician,8,51883.65,Active
1088,8,58,Nurse,6,74549.77,Contract
1089,5,40,Nurse,6,65650.84,Active
1090,6,47,Admin,3,40166.42,Active
1091,6,41,Nurse,1,51056.79,Active
1092,8,60,Doctor,5,200848.81,Active
1093,4,30,Technician,4,54899.91,Active
1094,5,34,Doctor,4,112886.13,Active
1095,1,8,Technician,9,41686.25,Active
1096,6,47,Technician,11,60536.52,Active
1097,10,74,Doctor,3,93244.05,Active
1098,3,24,Nurse,4,50817.47,Active
1099,5,35,Nurse,5,41244.34,Active
1100,3,24,Doctor,7,95887.96,Active
1101,10,78,Nurse,5,64285.36,Active
1102,4,26,Doctor,6,198247.28,Active
1103,1,4,Doctor,6,215335.61,Active
1104,5,35,Nurse,9,40750.24,Active
1105,7,52,Nurse,9,51087.75,Active
1106,8,58,Doctor,4,197769.03,On Leave
1107,2,14,Admin,4,32788.67,Contract
1108,8,57,Nurse,5,71935.23,Active
1109,3,19,Nurse,3,61891.11,Active
1110,9,72,Nurse,11,68978.82,Active
1111,9,67,Doctor,5,228789.7,Active
1112,2,9,Nurse,10,51068.85,Active
1113,3,19,Doctor,3,151540.37,Active
1114,5,37,Nurse,6,55106.58,Active
1115,3,17,Nurse,3,54404.85,Active
1116,5,38,Doctor,8,154378.59,Active
1117,1,7,Admin,9,37113.52,Active
1118,1,4,Nurse,11,42458.72,Active
1119,4,28,Nurse,3,74500.95,Active
1120,8,64,Technician,8,47643.82,On Leave
1121,9,71,Admin,9,33827.28,Active
1122,1,6,Nurse,3,39874.31,Retired
1123,10,77,Nurse,6,54815.18,Active
1124,8,58,Admin,9,27313.56,Retired
1125,6,48,Nurse,6,65888.03,Active
1126,2,9,Nurse,10,58991.09,Active
1127,7,56,Nurse,1,67711.57,Active
1128,4,30,Technician,4,41357.41,Active
1129,4,32,Doctor,4,176840.58,Active
1130,1,1,Nurse,5,45175.51,Active
1131,10,79,Nurse,6,71851.11,Active
1132,2,13,Admin,5,38935.0,Active
1133,4,26,Technician,12,38497.26,Active
1134,9,66,Nurse,5,52162.67,Active
1135,3,20,Technician,6,41556.35,Active
1136,3,17,Nurse,4,70791.04,Active
1137,5,35,Nurse,8,48682.04,Active
1138,5,36,Nurse,7,68148.47,Active
1139,3,22,Technician,4,24278.3,Active
1140,5,38,Admin,6,22200.21,Active
1141,2,16,Nurse,4,79243.58,Active
1142,8,64,Admin,9,31485.74,Active
1143,9,72,Nurse,3,62137.3,Active
1144,10,80,Nurse,6,71060.01,On Leave
1145,3,17,Nurse,6,73868.73,Active
1146,3,20,Doctor,9,98526.09,Active
1147,1,2,Nurse,5,65808.69,Active
1148,3,18,Nurse,3,47401.51,Active
1149,10,73,Admin,8,35279.8,Active
1150,8,62,Nurse,5,43144.04,Active
1151,3,19,Admin,3,44413.38,Active
1152,9,70,Doctor,6,219185.01,Active
1153,7,56,Nurse,4,35378.07,Active
1154,6,41,Nurse,1,35961.43,Active
1155,6,46,Nurse,5,61246.12,Active
1156,10,78,Technician,10,38649.65,Active
1157,5,35,Nurse,8,47228.1,Active
1158,8,64,Doctor,3,161343.09,Active
1159,10,79,Nurse,8,74552.76,Retired
1160,5,39,Doctor,6,92785.61,Retired
1161,1,8,Doctor,7,121769.89,Active
1162,7,51,Nurse,4,31422.87,Active
1163,7,52,Nurse,8,34562.24,Active
1164,3,23,Nurse,9,49139.72,Active
1165,9,72,Nurse,9,53776.33,Active
1166,5,36,Technician,7,61045.71,Active
1167,6,44,Technician,4,58935.37,Active
1168,2,13,Nurse,7,52566.84,Active
1169,6,42,Admin,5,42130.44,Active
1170,8,58,Doctor,5,104798.61,Active
1171,4,30,Nurse,8,37718.09,Retired
1172,1,7,Nurse,6,32327.08,Active
1173,2,13,Doctor,6,161681.56,Active
1174,5,33,Nurse,4,39986.41,Active
1175,9,65,Nurse,7,69318.37,Active
1176,7,50,Nurse,11,54604.09,Active
1177,9,68,Technician,7,30268.37,Active
1178,1,7,Technician,4,39209.65,Active
1179,8,57,Doctor,6,109682.32,Active
1180,6,43,Technician,10,29218.23,Active
1181,8,60,Nurse,9,61308.97,Active
1182,5,38,Nurse,4,43463.52,On Leave
1183,6,43,Nurse,8,34111.66,Active
1184,10,79,Nurse,6,47305.55,Active
1185,8,59,Nurse,4,62088.77,Active
1186,2,11,Technician,9,30160.65,Active
1187,4,27,Technician,4,48007.28,Active
1188,7,51,Nurse,6,56199.66,Active
1189,10,77,Doctor,2,168031.9,Active
1190,1,3,Doctor,8,197087.19,Active
1191,4,28,Doctor,6,180978.88,Active
1192,8,58,Nurse,4,69835.43,Active
1193,2,16,Doctor,5,95259.74,Active
1194,9,68,Doctor,4,157949.72,Active
1195,7,55,Nurse,4,64924.02,Active
1196,10,79,Admin,11,41389.38,Active
1197,2,12,Nurse,6,69785.33,Active
1198,3,21,Nurse,4,60624.48,Active
1199,10,73,Doctor,8,177507.93,Active
1200,5,39,Doctor,3,175497.42,Active
1201,7,50,Technician,3,25863.2,Retired
1202,2,9,Nurse,6,39599.6,Active
1203,3,21,Nurse,6,74719.15,Active
1204,1,2,Technician,6,55070.73,Active
1205,7,51,Doctor,4,117580.99,Active
1206,1,2,Technician,4,37008.85,Active
1207,4,32,Nurse,8,49477.46,Active
1208,7,52,Doctor,5,106467.44,Active
1209,10,80,Technician,3,26223.15,Active
1210,2,12,Nurse,8,67540.57,Active
1211,6,47,Doctor,5,193125.31,Active
1212,10,76,Technician,13,25918.7,Active
1213,10,78,Technician,3,33811.6,Active
1214,2,9,Technician,5,53942.59,Active
1215,8,63,Admin,7,31424.66,Active
1216,8,62,Technician,4,29131.07,Active
1217,2,14,Nurse,3,67227.84,Contract
1218,1,4,Nurse,4,59460.59,Active
1219,5,34,Technician,5,59915.34,Active
1220,7,56,Admin,2,21390.41,Active
1221,4,32,Nurse,6,66567.7,Active
1222,9,65,Nurse,7,68807.59,Active
1223,2,11,Technician,4,54084.91,Active
1224,7,56,Doctor,5,153966.57,Active
1225,10,74,Nurse,6,65494.77,Active
1226,7,53,Doctor,7,239945.34,Active
1227,1,5,Nurse,3,45047.89,Active
1228,2,16,Nurse,5,48037.39,Active
1229,6,42,Nurse,9,63572.9,Active
1230,7,54,Technician,5,61693.74,Contract
1231,5,39,Nurse,3,56968.97,Active
1232,7,52,Admin,8,36041.09,Active
1233,1,4,Admin,4,21897.13,Contract
1234,8,59,Technician,4,62466.67,Active
1235,6,46,Technician,5,40067.62,Active
1236,9,69,Technician,6,38998.58,Active
1237,1,5,Technician,3,54540.08,Active
1238,5,36,Nurse,6,78476.33,Active
1239,3,18,Nurse,6,75511.09,Active
1240,1,3,Nurse,5,49364.56,Active
1241,10,80,Technician,7,51626.72,Active
1242,7,51,Nurse,3,40796.91,Active
1243,3,19,Admin,10,27300.63,Active
1244,2,13,Admin,5,38331.01,Active
1245,7,50,Doctor,4,162152.82,Active
1246,3,20,Technician,8,41323.21,Active
1247,1,7,Nurse,4,42140.07,Active
1248,2,9,Nurse,4,76455.82,Active
1249,2,15,Nurse,5,77291.56,Active
1250,1,1,Nurse,9,37475.43,Active
1251,5,38,Nurse,8,66832.84,Active
1252,4,28,Nurse,8,58568.2,Active
1253,4,25,Nurse,11,36894.94,Active
1254,3,19,Nurse,6,55634.4,Active
1255,7,50,Doctor,6,224309.44,Active
1256,1,4,Technician,7,34916.69,Active
1257,5,39,Doctor,2,104125.45,On Leave
1258,2,14,Nurse,10,49320.78,Active
1259,10,79,Admin,7,35780.22,Active
1260,5,40,Nurse,6,34554.22,Active
1261,4,25,Nurse,4,78299.69,Active
1262,9,66,Admin,4,25596.31,Active
1263,8,63,Nurse,11,32000.66,Active
1264,6,46,Nurse,4,32985.55,On Leave
1265,9,68,Doctor,7,133843.53,Active
1266,6,48,Nurse,3,58475.59,Active
1267,2,13,Nurse,8,74444.21,Active
1268,1,6,Technician,11,38581.68,Active
1269,9,70,Nurse,4,53464.11,Active
1270,6,44,Nurse,3,66976.22,Active
1271,6,47,Doctor,7,138712.59,Active
1272,6,44,Technician,2,47213.29,Contract
1273,7,51,Nurse,11,66190.14,Active
1274,10,73,Doctor,9,142745.25,Active
1275,1,4,Technician,7,39585.04,Active
1276,4,30,Nurse,4,35994.67,On Leave
1277,4,28,Doctor,4,215489.07,Active
1278,4,27,Technician,2,61273.03,Active
1279,1,3,Admin,6,53997.02,Active
1280,4,29,Nurse,6,53070.06,Active
1281,2,11,Nurse,4,47167.67,Active
1282,10,77,Technician,11,39073.42,Active
1283,1,8,Doctor,8,229902.29,Active
1284,4,30,Nurse,7,42230.63,On Leave
1285,1,7,Doctor,4,221958.08,Active
1286,4,26,Technician,2,48508.88,Active
1287,3,22,Nurse,7,50508.19,Retired
1288,1,2,Nurse,4,32556.58,Active
1289,7,49,Nurse,3,55443.81,Active
1290,2,16,Nurse,5,61996.53,Active
1291,9,66,Nurse,3,65343.64,Active
1292,7,55,Nurse,4,64442.59,Active
1293,1,4,Nurse,6,49927.19,Active
1294,10,76,Nurse,7,49638.05,Active
1295,7,49,Technician,4,55281.37,Active
1296,9,72,Doctor,9,228259.11,On Leave
1297,7,50,Admin,3,30543.7,Active
1298,2,14,Doctor,7,132348.95,Active
1299,8,61,Nurse,4,38489.63,Active
1300,3,22,Admin,8,22867.21,Contract
1301,2,15,Admin,5,35584.8,Active
1302,3,24,Technician,7,54501.4,Active
1303,5,33,Nurse,6,53764.65,Active
1304,8,60,Technician,8,27954.92,Retired
1305,1,5,Technician,6,58470.95,Active
1306,4,29,Doctor,6,160471.28,Active
1307,10,77,Doctor,5,94817.96,Active
1308,10,77,Technician,4,63942.41,Active
1309,10,79,Nurse,7,43152.58,Active
1310,10,75,Nurse,10,47381.75,Active
1311,4,30,Doctor,4,222674.48,Active
1312,2,15,Nurse,7,59911.89,Active
1313,5,38,Nurse,7,65436.08,Active
1314,2,16,Nurse,4,71916.89,Active
1315,2,15,Nurse,3,69154.93,Active
1316,7,51,Nurse,10,55460.58,Active
1317,9,68,Nurse,10,72429.38,Active
1318,8,57,Nurse,3,35547.81,Active
1319,6,42,Technician,1,28009.13,Active
1320,6,46,Doctor,4,112738.19,Active
1321,8,57,Nurse,5,47772.99,Active
1322,9,69,Nurse,6,74987.98,Active
1323,9,72,Technician,6,60907.03,Active
1324,10,73,Technician,6,39428.67,Active
1325,1,6,Doctor,9,212869.53,Retired
1326,4,25,Nurse,2,33568.35,Active
1327,4,32,Technician,5,51967.1,Active
1328,8,62,Doctor,9,105025.4,Active
1329,10,74,Nurse,3,59020.91,On Leave
1330,10,79,Technician,5,56553.04,Active
1331,8,60,Technician,9,37468.23,Active
1332,1,1,Doctor,5,144642.75,Active
1333,9,66,Nurse,7,52345.79,Active
1334,4,26,Nurse,9,36596.49,Active
1335,9,71,Nurse,6,59950.63,Active
1336,3,17,Nurse,6,68403.7,Active
1337,10,76,Doctor,6,201769.91,Active
1338,1,1,Technician,4,41974.05,Active
1339,1,4,Nurse,9,38113.63,Active
1340,2,15,Technician,2,45333.52,Active
1341,6,45,Nurse,8,33719.88,Active
1342,6,43,Doctor,4,91535.08,On Leave
1343,9,69,Technician,3,58758.55,Active
1344,1,5,Admin,3,31683.88,Active
1345,3,20,Nurse,7,72313.82,Active
1346,2,14,Nurse,8,43890.97,Active
1347,6,46,Nurse,5,35266.69,Active
1348,3,23,Nurse,5,41079.67,Active
1349,6,48,Admin,9,22475.26,Active
1350,8,58,Technician,10,41387.62,Contract
1351,10,79,Admin,8,51826.2,Active
1352,7,52,Nurse,7,70455.16,Active
1353,2,13,Technician,10,33642.61,Active
1354,8,59,Nurse,7,65911.9,Active
1355,5,33,Nurse,5,36196.96,Active
1356,7,55,Nurse,9,50100.42,Active
1357,3,19,Nurse,4,76327.86,Active
1358,3,21,Nurse,5,58354.0,Active
1359,5,34,Doctor,5,157566.15,On Leave
1360,10,78,Technician,2,51593.65,Active
1361,4,32,Doctor,3,208833.35,Active
1362,6,42,Nurse,7,38669.46,Active
1363,8,59,Technician,5,51774.24,On Leave
1364,5,34,Admin,5,26523.94,Active
1365,4,27,Nurse,5,42887.0,Active
1366,10,74,Technician,7,51811.16,Active
1367,10,73,Nurse,4,51454.89,Active
1368,9,70,Nurse,3,64240.18,Active
1369,2,15,Admin,3,51578.4,Active
1370,7,50,Doctor,6,229195.36,On Leave
1371,9,69,Technician,7,34569.76,Active
1372,6,45,Technician,4,62969.7,Active
1373,10,75,Admin,4,29840.83,Active
1374,5,33,Doctor,8,183526.17,Active
1375,5,39,Technician,7,35110.56,Active
1376,3,18,Nurse,7,58745.53,Active
1377,9,69,Admin,3,44598.1,Active
1378,1,3,Nurse,9,57393.54,Active
1379,10,73,Technician,4,32060.57,Active
1380,5,33,Technician,5,57962.83,Active
1381,7,53,Nurse,6,78972.54,Active
1382,1,8,Nurse,12,67646.5,Active
1383,2,10,Nurse,11,60669.52,Active
1384,9,68,Doctor,5,210679.89,Active
1385,9,67,Nurse,5,37812.21,Active
1386,8,64,Admin,1,29808.26,Active
1387,3,21,Nurse,5,69132.75,Active
1388,2,10,Doctor,8,144343.95,Active
1389,5,38,Nurse,4,51232.2,Active
1390,7,55,Nurse,6,65706.08,Active
1391,4,29,Technician,5,26133.2,Active
1392,10,77,Doctor,6,208875.25,Active
1393,1,5,Nurse,2,74911.18,Active
1394,1,2,Nurse,8,30248.62,Active
1395,1,1,Admin,4,32763.8,Active
1396,3,17,Nurse,4,60746.71,Active
1397,7,54,Technician,1,48205.69,Active
1398,6,46,Nurse,4,72780.13,Active
1399,4,25,Doctor,5,206403.33,Active
1400,9,67,Technician,12,55073.25,Contract
1401,10,76,Doctor,5,215663.62,Active
1402,8,63,Nurse,8,50892.81,Active
1403,5,39,Nurse,9,79093.86,Active
1404,2,15,Nurse,6,61283.36,Active
1405,6,44,Doctor,7,137081.91,Active
1406,2,16,Admin,3,54952.01,Active
1407,4,25,Doctor,4,130889.14,On Leave
1408,3,19,Technician,8,31533.87,Active
1409,5,39,Doctor,7,108013.61,Active
1410,6,41,Doctor,7,162487.3,Active
1411,2,10,Technician,5,48347.55,Active
1412,2,15,Doctor,10,219661.95,Active
1413,9,70,Doctor,7,203356.49,Active
1414,4,28,Doctor,7,177822.68,Active
1415,9,69,Technician,7,25742.43,Active
1416,9,69,Nurse,4,49619.96,Active
1417,10,76,Nurse,2,58656.4,Active
1418,7,49,Nurse,11,39437.92,Active
1419,3,21,Nurse,7,71642.45,Active
1420,1,4,Doctor,3,166179.31,On Leave
1421,2,12,Nurse,5,69560.21,Active
1422,8,59,Technician,4,30888.73,Active
1423,1,5,Admin,9,28067.84,Active
1424,3,18,Nurse,5,69772.75,Active
1425,3,22,Nurse,3,58517.47,On Leave
1426,9,66,Nurse,4,46795.69,Active
1427,7,56,Doctor,7,118021.18,Active
1428,8,63,Nurse,5,50161.53,On Leave
1429,4,30,Technician,5,58896.53,Active
1430,7,55,Admin,5,41708.41,Active
1431,4,31,Technician,7,39848.81,Contract
1432,6,45,Admin,4,35915.3,Active
1433,4,32,Nurse,5,66677.92,Active
1434,8,60,Technician,8,55144.05,On Leave
1435,8,61,Doctor,9,164195.39,Contract
1436,9,72,Nurse,3,57082.08,Active
1437,3,19,Technician,2,39252.43,Active
1438,7,52,Technician,6,43585.77,Active
1439,4,31,Doctor,3,194321.34,Active
1440,6,48,Technician,7,45213.31,Active
1441,3,17,Admin,5,30754.76,Active
1442,2,10,Technician,10,25599.45,Retired
1443,3,22,Nurse,5,56896.15,Active
1444,5,37,Doctor,10,114843.01,Contract
1445,6,45,Technician,6,33343.16,Active
1446,7,51,Nurse,9,73114.96,Active
1447,4,29,Doctor,2,104141.4,Active
1448,5,38,Nurse,7,36402.76,Active
1449,2,15,Doctor,7,178729.32,On Leave
1450,2,9,Nurse,7,67726.17,Active
1451,10,74,Technician,5,40268.96,On Leave
1452,6,47,Technician,4,26892.42,Active
1453,2,15,Doctor,4,94737.15,Active
1454,4,31,Admin,8,30052.41,Active
1455,8,60,Technician,4,25191.99,On Leave
1456,5,33,Admin,5,34016.36,Active
1457,7,52,Admin,11,30681.78,Active
1458,2,12,Doctor,7,119045.01,Active
1459,7,50,Doctor,7,171405.19,Active
1460,2,15,Admin,9,47249.67,Active
1461,2,13,Admin,6,49597.97,Active
1462,4,29,Doctor,6,90379.13,Retired
1463,5,36,Nurse,6,44571.95,On Leave
1464,6,44,Technician,4,28429.94,Active
1465,3,23,Nurse,5,64405.52,Active
1466,4,27,Nurse,5,52486.37,Active
1467,1,1,Doctor,6,141967.7,Active
1468,1,6,Admin,7,35024.47,Retired
1469,5,40,Nurse,7,38564.53,Contract
1470,6,44,Admin,10,30391.41,Active
1471,2,9,Nurse,8,54689.94,On Leave
1472,1,3,Admin,3,22364.03,Active
1473,2,9,Nurse,12,60653.62,On Leave
1474,5,38,Doctor,8,108795.13,Active
1475,7,52,Nurse,8,38494.14,Contract
1476,8,57,Doctor,3,136503.28,On Leave
1477,7,53,Doctor,4,107825.87,Active
1478,1,7,Nurse,5,31381.49,On Leave
1479,5,37,Nurse,3,66528.31,Active
1480,7,49,Nurse,7,38420.4,Active
1481,4,30,Nurse,5,47776.77,Active
1482,9,66,Doctor,2,226303.91,Active
1483,2,14,Technician,6,62972.71,Retired
1484,9,67,Technician,3,63221.61,Active
1485,10,75,Nurse,6,46071.06,Active
1486,3,19,Doctor,8,154886.14,Active
1487,8,64,Technician,6,34415.72,Active
1488,7,52,Nurse,8,71721.14,Active
1489,5,38,Doctor,8,94872.2,Active
1490,5,36,Nurse,6,68657.43,Active
1491,1,6,Admin,13,26938.14,Active
1492,2,15,Doctor,6,127949.96,Active
1493,3,20,Technician,5,37189.24,Active
1494,9,67,Technician,7,56087.12,Active
1495,6,45,Nurse,3,51822.42,Active
1496,6,48,Nurse,9,48089.98,Active
1497,7,52,Admin,5,42471.01,Active
1498,1,2,Technician,7,37632.67,Active
1499,4,27,Doctor,7,90280.91,Active
1500,5,38,Doctor,3,227231.76,Active
1501,9,68,Technician,8,47532.55,Active
1502,3,18,Nurse,8,53527.07,Active
1503,5,38,Nurse,6,49717.21,Active
1504,2,14,Nurse,9,39295.09,Active
1505,7,55,Doctor,4,171280.49,Active
1506,4,30,Nurse,6,54317.51,Active
1507,7,52,Nurse,6,30293.98,Active
1508,3,24,Doctor,4,96995.39,Active
1509,6,42,Doctor,5,236265.29,Active
1510,7,49,Doctor,3,198863.83,Active
1511,7,54,Nurse,6,73489.96,Active
1512,7,54,Nurse,3,39320.69,Active
1513,1,8,Doctor,4,192719.31,Active
1514,6,43,Doctor,7,137561.07,On Leave
1515,10,74,Nurse,5,52364.58,Active
1516,3,20,Nurse,7,57463.75,Active
1517,10,78,Nurse,5,55840.03,Active
1518,7,56,Doctor,6,93005.16,Active
1519,1,4,Nurse,3,51864.8,Active
1520,3,18,Nurse,6,54665.01,Active
1521,6,41,Admin,6,52273.55,Active
1522,10,77,Nurse,5,45421.05,Active
1523,1,8,Technician,9,28096.02,Active
1524,2,15,Nurse,5,49072.05,On Leave
1525,4,28,Nurse,5,61411.97,On Leave
1526,8,58,Nurse,3,58358.23,Active
1527,3,17,Admin,6,38292.83,Active
1528,3,17,Nurse,5,46517.88,On Leave
1529,8,64,Technician,4,25834.08,Active
1530,2,10,Nurse,9,77573.86,Active
1531,4,26,Technician,2,60692.13,Active
1532,1,2,Admin,7,46013.69,Contract
1533,2,10,Technician,5,35640.13,Active
1534,3,21,Nurse,6,66475.5,Contract
1535,1,5,Nurse,9,74667.08,Contract
1536,4,32,Nurse,5,59741.15,Active
1537,5,35,Nurse,7,52123.55,On Leave
1538,6,46,Admin,8,48770.46,Active
1539,6,48,Nurse,6,54876.0,Active
1540,10,73,Nurse,7,48540.21,Active
1541,9,67,Nurse,3,36050.79,On Leave
1542,4,29,Technician,7,32264.48,Active
1543,4,27,Nurse,6,72870.74,Active
1544,10,73,Nurse,4,79557.58,Active
1545,4,25,Nurse,5,69997.35,Active
1546,7,50,Admin,2,53353.02,On Leave
1547,8,57,Nurse,6,56912.64,Active
1548,10,79,Nurse,4,31680.48,Active
1549,10,74,Nurse,5,41338.48,Active
1550,7,56,Nurse,9,79758.59,Active
1551,6,48,Nurse,9,75444.45,Active
1552,9,67,Nurse,7,76961.21,Active
1553,5,38,Nurse,7,45462.43,Active
1554,8,59,Doctor,6,153702.52,On Leave
1555,8,60,Nurse,4,73685.46,Active
1556,1,7,Technician,5,28815.32,On Leave
1557,3,21,Technician,8,42162.48,Active
1558,2,15,Technician,9,46398.57,Active
1559,10,73,Nurse,7,30780.37,Active
1560,6,42,Nurse,8,69910.19,Active
1561,6,46,Technician,4,51898.91,Active
1562,5,34,Admin,9,47705.68,Active
1563,10,78,Technician,5,61840.09,Active
1564,9,69,Nurse,9,74711.89,Active
1565,4,30,Doctor,4,137147.23,Active
1566,8,58,Technician,5,32766.46,Active
1567,6,46,Technician,6,31438.53,On Leave
1568,9,68,Technician,5,51202.27,Active
1569,9,71,Doctor,6,131535.25,Active
1570,1,1,Nurse,4,54747.13,Active
1571,2,15,Technician,2,63108.94,On Leave
1572,1,6,Doctor,5,224068.11,Active
1573,1,3,Technician,8,38205.33,Active
1574,7,50,Nurse,10,60663.66,Active
1575,2,13,Admin,7,48936.4,Active
1576,4,31,Nurse,5,45625.27,Active
1577,2,16,Nurse,6,61922.82,Active
1578,2,16,Doctor,4,95211.32,Active
1579,7,55,Nurse,3,63588.4,Active
1580,9,65,Doctor,8,153942.14,On Leave
1581,9,69,Nurse,5,79250.49,Active
1582,7,55,Doctor,6,134567.57,On Leave
1583,2,10,Technician,11,26664.88,Active
1584,1,1,Nurse,5,63251.59,Active
1585,1,8,Doctor,3,120693.82,Active
1586,10,78,Admin,6,34006.81,On Leave
1587,8,58,Nurse,7,76092.27,Active
1588,3,19,Nurse,10,52341.71,Active
1589,3,22,Doctor,2,173692.31,Active
1590,7,53,Technician,1,57262.78,Active
1591,9,70,Admin,3,31842.28,Active
1592,5,40,Nurse,6,40543.89,Active
1593,9,69,Nurse,4,72535.39,Active
1594,4,31,Nurse,9,58869.96,Retired
1595,4,25,Nurse,7,74956.11,Active
1596,5,34,Nurse,7,49837.55,Active
1597,6,48,Nurse,8,40071.15,Active
1598,2,15,Nurse,7,34473.92,Active
1599,7,50,Nurse,11,40437.13,Active
1600,10,78,Nurse,9,38199.4,Active
1601,4,30,Technician,3,59527.12,Active
1602,8,58,Nurse,5,52461.86,Active
1603,6,42,Nurse,3,46892.69,Active
1604,5,38,Doctor,3,147661.34,Contract
1605,6,45,Nurse,2,58107.22,On Leave
1606,3,21,Nurse,12,57278.72,Active
1607,6,44,Technician,2,56218.95,Active
1608,7,52,Doctor,4,210093.55,Active
1609,6,47,Technician,6,25652.33,Active
1610,7,50,Technician,7,38797.2,Active
1611,1,2,Nurse,6,35525.07,Active
1612,6,43,Technician,5,26532.77,Active
1613,8,61,Admin,3,39041.97,Active
1614,3,23,Nurse,7,42419.83,Active
1615,10,80,Doctor,5,123663.78,Active
1616,6,41,Nurse,5,61969.54,Active
1617,8,57,Technician,7,52006.39,Active
1618,7,56,Nurse,5,47454.13,Active
1619,9,69,Admin,6,39224.63,Active
1620,7,53,Nurse,2,45759.36,Active
1621,4,30,Technician,6,29142.72,On Leave
1622,4,26,Doctor,6,123331.08,Active
1623,3,17,Doctor,6,195278.33,Active
1624,7,55,Technician,6,49145.29,Active
1625,10,75,Doctor,8,90258.72,Active
1626,4,27,Nurse,7,74155.71,Active
1627,5,39,Nurse,6,67661.82,Active
1628,9,71,Nurse,9,71593.29,Active
1629,4,25,Nurse,7,74913.99,Active
1630,4,32,Nurse,6,56916.47,On Leave
1631,6,43,Nurse,9,68890.61,On Leave
1632,8,63,Nurse,2,33256.86,Retired
1633,2,14,Doctor,5,154197.93,On Leave
1634,8,57,Nurse,4,39261.17,On Leave
1635,10,74,Nurse,6,64518.88,Active
1636,3,19,Doctor,3,93319.99,On Leave
1637,4,29,Doctor,7,109842.56,Active
1638,1,1,Nurse,7,37158.24,Active
1639,7,56,Admin,4,33735.81,Active
1640,10,79,Nurse,5,59098.49,Active
1641,10,76,Technician,15,60969.51,Active
1642,4,32,Nurse,5,57562.07,Active
1643,1,5,Nurse,7,71680.38,Active
1644,9,71,Nurse,2,35843.57,Active
1645,5,40,Doctor,2,95723.04,Active
1646,9,65,Nurse,5,33936.67,Active
1647,10,80,Doctor,5,171720.3,Active
1648,6,45,Nurse,7,68468.96,Active
1649,8,61,Admin,2,55854.98,Active
1650,7,54,Doctor,4,154912.63,Active
1651,4,25,Nurse,10,55168.9,Active
1652,9,65,Nurse,5,67015.24,Active
1653,8,63,Doctor,5,136795.73,Active
1654,6,47,Nurse,4,57198.68,Active
1655,8,60,Nurse,6,58089.89,Active
1656,7,52,Doctor,6,143319.25,Active
1657,3,19,Nurse,8,32752.4,Active
1658,4,25,Technician,7,26515.93,Active
1659,7,52,Nurse,9,54801.49,Active
1660,8,61,Nurse,9,41470.6,Active
1661,5,37,Technician,9,30955.69,Contract
1662,9,67,Nurse,6,56666.34,On Leave
1663,1,6,Nurse,7,63990.2,Active
1664,1,6,Admin,7,26750.24,On Leave
1665,4,27,Nurse,3,50947.04,Active
1666,3,17,Technician,3,57905.81,Active
1667,2,11,Technician,11,34869.54,Active
1668,8,59,Doctor,6,162857.31,Active
1669,2,12,Nurse,9,74436.79,Active
1670,8,61,Technician,3,50130.32,Active
1671,4,32,Nurse,7,42257.65,Active
1672,3,17,Admin,11,33988.91,Active
1673,6,44,Nurse,10,56923.8,Active
1674,5,33,Nurse,7,31835.4,Active
1675,8,58,Nurse,4,64137.63,Active
1676,10,75,Nurse,6,71470.01,Active
1677,3,19,Nurse,6,76092.68,Active
1678,9,72,Nurse,5,57185.07,Active
1679,10,75,Nurse,3,57524.62,Active
1680,10,74,Nurse,6,34784.31,Active
1681,2,16,Technician,4,45395.12,Active
1682,5,34,Technician,4,26479.0,Active
1683,3,18,Doctor,5,218285.09,Active
1684,7,55,Doctor,8,214049.19,Active
1685,3,23,Nurse,4,78892.98,Active
1686,2,13,Nurse,11,76824.16,Active
1687,10,77,Nurse,10,48166.69,Active
1688,8,63,Nurse,7,39460.45,Active
1689,9,65,Admin,4,25586.3,Active
1690,2,16,Doctor,3,239411.87,Active
1691,2,13,Admin,3,39273.33,Active
1692,8,60,Nurse,10,43444.16,Active
1693,10,77,Doctor,12,122322.84,Active
1694,8,59,Technician,10,35382.43,Active
1695,3,22,Nurse,5,45805.08,Active
1696,7,55,Admin,7,53585.78,Active
1697,2,12,Nurse,4,50991.94,Active
1698,10,79,Doctor,4,174685.72,Active
1699,7,56,Nurse,3,56869.19,Active
1700,3,18,Nurse,5,62588.72,Active
1701,8,64,Doctor,4,128635.16,Active
1702,10,79,Doctor,7,191072.12,On Leave
1703,5,37,Nurse,3,42532.21,Active
1704,10,80,Nurse,11,77608.69,Active
1705,2,16,Nurse,4,45031.6,On Leave
1706,5,36,Doctor,5,109902.31,Active
1707,10,76,Doctor,7,139834.16,Active
1708,6,43,Admin,10,32631.8,Active
1709,3,21,Nurse,8,53903.13,On Leave
1710,4,28,Technician,5,51318.46,Active
1711,3,24,Technician,7,50843.61,Active
1712,9,65,Nurse,2,79219.07,Active
1713,2,15,Admin,8,48059.85,Active
1714,1,6,Nurse,7,66387.79,Active
1715,10,74,Technician,7,30343.92,Active
1716,8,61,Doctor,5,158072.39,Active
1717,3,21,Nurse,3,52558.4,Active
1718,9,71,Nurse,2,37580.53,Active
1719,9,69,Admin,3,42620.92,Active
1720,7,49,Admin,5,28866.56,Active
1721,5,36,Nurse,8,57734.59,Active
1722,9,70,Nurse,6,36843.94,Active
1723,4,32,Technician,8,45047.01,Active
1724,8,64,Technician,6,32667.37,Active
1725,8,60,Nurse,4,50420.54,Contract
1726,10,75,Nurse,7,43332.98,Active
1727,1,8,Nurse,9,35994.2,Active
1728,10,78,Doctor,10,165589.35,Active
1729,6,47,Nurse,8,53768.02,Active
1730,3,19,Nurse,4,35427.77,Active
1731,7,56,Technician,8,35246.12,Active
1732,1,7,Admin,3,38879.83,Active
1733,1,1,Nurse,5,48935.32,Active
1734,4,30,Technician,4,24683.74,On Leave
1735,4,31,Technician,5,28789.1,Active
1736,2,11,Nurse,6,42022.28,Active
1737,4,26,Admin,8,40085.61,Active
1738,5,35,Nurse,15,70484.85,Active
1739,7,52,Nurse,4,76180.13,Active
1740,2,15,Nurse,9,60829.39,Active
1741,4,28,Nurse,8,47838.55,On Leave
1742,10,73,Nurse,16,75018.8,Active
1743,6,46,Nurse,9,51716.94,Active
1744,1,2,Doctor,5,200812.2,Active
1745,5,33,Nurse,8,57323.34,Active
1746,2,12,Doctor,8,130256.75,Active
1747,7,55,Nurse,3,65991.52,Active
1748,6,47,Nurse,4,54432.19,Active
1749,2,13,Nurse,7,53905.35,Retired
1750,5,36,Nurse,3,73082.86,Active
1751,9,70,Nurse,6,62207.54,Active
1752,2,10,Nurse,11,48676.02,Active
1753,3,21,Nurse,8,64222.45,Active
1754,7,55,Technician,7,45283.22,Active
1755,1,7,Technician,7,38227.5,Active
1756,3,18,Nurse,5,33829.32,Active
1757,1,4,Admin,7,48915.98,Active
1758,4,28,Nurse,8,77966.46,Active
1759,9,67,Doctor,6,161560.01,Active
1760,10,73,Doctor,10,181646.05,Active
1761,2,16,Technician,4,44343.12,Active
1762,7,51,Nurse,9,72677.51,Active
1763,8,63,Admin,8,42733.11,Active
1764,8,63,Nurse,6,41570.63,Active
1765,3,23,Technician,7,26277.92,Active
1766,6,47,Nurse,2,79486.14,On Leave
1767,9,67,Technician,5,63376.64,Active
1768,9,70,Technician,4,60092.32,Active
1769,5,36,Nurse,12,38429.1,Retired
1770,7,55,Doctor,2,142330.01,Active
1771,2,12,Nurse,7,76441.71,Active
1772,6,46,Admin,5,52335.46,Active
1773,1,3,Nurse,8,40319.34,Active
1774,10,77,Admin,4,22114.46,Active
1775,1,2,Nurse,5,72148.62,Active
1776,4,27,Doctor,6,207587.54,Active
1777,6,45,Nurse,8,65131.97,On Leave
1778,10,74,Nurse,9,54918.57,Active
1779,6,45,Admin,5,40788.48,On Leave
1780,6,42,Technician,6,47092.26,Active
1781,1,6,Admin,2,29296.45,Contract
1782,1,8,Nurse,3,78519.19,Active
1783,1,1,Nurse,4,64744.35,Active
1784,4,31,Technician,3,48654.25,Active
1785,2,9,Technician,9,24145.87,On Leave
1786,1,6,Technician,8,50141.69,On Leave
1787,2,11,Nurse,4,55060.54,Active
1788,5,34,Nurse,6,53074.79,Active
1789,1,8,Nurse,4,74114.05,Active
1790,8,61,Admin,9,47441.16,Active
1791,1,3,Admin,8,47286.15,Active
1792,1,2,Nurse,8,34783.18,Active
1793,7,49,Doctor,8,92408.82,Active
1794,7,54,Nurse,9,68571.99,Active
1795,4,30,Nurse,6,64132.09,Active
1796,2,10,Technician,8,35406.25,Active
1797,8,58,Nurse,5,36111.71,Active
1798,4,29,Technician,4,51847.01,Active
1799,2,12,Doctor,4,181244.64,Active
1800,9,68,Nurse,8,73083.9,Active
1801,1,5,Technician,8,51549.21,Active
1802,9,67,Nurse,9,59460.05,Active
1803,2,10,Technician,6,29550.4,Active
1804,5,37,Nurse,7,39115.67,Active
1805,8,60,Doctor,2,226086.1,Active
1806,9,70,Doctor,5,91449.94,On Leave
1807,6,45,Technician,3,31219.32,On Leave
1808,4,29,Technician,4,37717.18,Active
1809,6,46,Nurse,7,36896.15,Active
1810,4,26,Technician,4,49030.78,Active
1811,9,71,Nurse,6,50409.65,On Leave
1812,6,45,Nurse,4,44533.31,Retired
1813,6,45,Admin,2,51151.62,Active
1814,7,55,Nurse,4,36742.32,Active
1815,9,65,Nurse,8,40514.76,Active
1816,9,70,Technician,6,36781.96,On Leave
1817,1,3,Technician,7,34612.25,On Leave
1818,3,21,Technician,6,39485.24,Active
1819,9,70,Technician,7,58805.72,Active
1820,7,49,Nurse,8,55609.72,Active
1821,6,42,Admin,9,28511.07,Active
1822,8,63,Doctor,4,140268.64,Active
1823,8,58,Doctor,6,212987.55,Active
1824,9,66,Nurse,7,73784.97,Active
1825,7,54,Nurse,8,31532.97,Active
1826,7,51,Doctor,6,175042.57,Active
1827,5,36,Nurse,6,38727.77,Active
1828,2,10,Technician,10,36988.81,Active
1829,10,79,Doctor,6,206770.25,Active
1830,6,42,Doctor,5,111540.41,On Leave
1831,3,18,Nurse,11,72636.84,Active
1832,6,44,Nurse,5,72439.43,Active
1833,2,10,Nurse,3,46895.07,Active
1834,7,56,Nurse,8,75305.38,Active
1835,7,52,Doctor,9,120855.64,Active
1836,6,43,Nurse,6,78229.01,Active
1837,1,8,Nurse,6,39315.48,Active
1838,5,37,Nurse,4,42635.39,Active
1839,7,56,Nurse,4,71065.62,Active
1840,2,11,Nurse,9,58768.5,Active
1841,8,58,Nurse,3,69585.89,Contract
1842,10,73,Technician,6,34971.22,Contract
1843,1,4,Doctor,8,173824.85,Active
1844,6,47,Nurse,6,54887.34,On Leave
1845,1,8,Nurse,8,55852.42,Active
1846,10,77,Admin,5,22334.61,Active
1847,5,38,Nurse,7,60218.07,On Leave
1848,1,5,Admin,8,46636.26,Active
1849,3,17,Nurse,3,67441.76,Active
1850,7,51,Admin,10,46712.91,Active
1851,4,25,Nurse,7,75381.96,Active
1852,9,69,Nurse,10,75172.18,Active
1853,1,4,Technician,7,49379.2,Active
1854,5,35,Nurse,7,55277.3,Retired
1855,4,26,Doctor,10,196026.65,Retired
1856,3,22,Nurse,4,60058.13,Active
1857,9,68,Doctor,4,199765.8,Active
1858,8,64,Technician,6,40702.5,On Leave
1859,7,49,Nurse,5,59176.48,Active
1860,7,50,Nurse,3,47932.28,Active
1861,6,46,Admin,5,32556.34,Active
1862,7,51,Nurse,4,54084.39,On Leave
1863,1,5,Technician,4,44933.94,Active
1864,7,52,Nurse,3,30879.5,Active
1865,2,15,Doctor,4,234832.77,Active
1866,3,21,Technician,4,37523.58,Active
1867,2,11,Nurse,6,44680.61,Active
1868,7,50,Nurse,9,65736.11,Active
1869,4,31,Nurse,6,71819.8,Active
1870,6,45,Doctor,8,113525.05,Active
1871,7,53,Nurse,8,69244.57,Active
1872,2,15,Nurse,5,69133.15,Active
1873,1,5,Nurse,9,68425.01,Active
1874,1,6,Doctor,4,171398.89,On Leave
1875,7,51,Doctor,2,146961.68,Active
1876,2,14,Nurse,4,49756.24,Active
1877,4,25,Technician,3,35844.69,Active
1878,5,39,Nurse,6,76224.72,Active
1879,9,65,Nurse,7,54039.07,Active
1880,1,8,Doctor,3,138088.1,Active
1881,1,4,Technician,9,30438.22,Active
1882,4,30,Admin,5,47549.43,Active
1883,7,54,Nurse,7,36500.35,On Leave
1884,5,37,Technician,4,44448.27,Active
1885,10,77,Nurse,10,74793.35,Retired
1886,1,6,Nurse,4,56211.7,Active
1887,6,48,Doctor,7,144664.02,Active
1888,8,60,Nurse,5,61347.39,Active
1889,8,57,Admin,2,28171.95,Active
1890,3,22,Technician,8,33285.14,On Leave
1891,5,36,Nurse,6,68982.41,Active
1892,9,67,Nurse,7,60306.22,Active
1893,2,10,Doctor,4,142274.3,Active
1894,8,64,Technician,8,25219.33,Active
1895,10,79,Doctor,5,122325.17,Active
1896,8,63,Technician,5,49104.99,On Leave
1897,1,2,Admin,11,50035.46,Contract
1898,9,68,Nurse,5,58860.11,Active
1899,10,79,Nurse,5,39774.17,Active
1900,3,24,Doctor,4,112311.23,Active
1901,1,5,Nurse,6,66500.55,Active
1902,2,11,Doctor,8,146131.92,Active
1903,8,63,Doctor,10,159112.22,Active
1904,1,5,Admin,6,24254.23,Active
1905,10,75,Nurse,1,73738.57,Active
1906,8,59,Nurse,7,74968.33,Active
1907,7,51,Nurse,5,40772.66,Active
1908,4,28,Nurse,6,78527.11,Active
1909,5,39,Doctor,7,164766.28,Active
1910,6,46,Nurse,6,52450.28,Active
1911,8,58,Nurse,3,32278.63,Active
1912,6,41,Doctor,7,116107.67,Active
1913,1,8,Technician,6,37283.01,Active
1914,6,44,Nurse,5,55549.84,Active
1915,3,21,Nurse,3,75391.31,Active
1916,10,79,Nurse,4,59623.73,Active
1917,6,47,Technician,10,39038.44,Active
1918,9,65,Nurse,6,71350.49,Active
1919,2,10,Technician,8,46292.48,Active
1920,3,23,Doctor,8,230760.9,Active
1921,6,43,Nurse,8,56141.38,Active
1922,6,42,Nurse,8,59300.09,Active
1923,6,45,Nurse,6,77638.29,On Leave
1924,3,24,Nurse,3,33560.0,Active
1925,1,5,Admin,9,23212.85,Active
1926,1,3,Technician,5,38748.96,Active
1927,1,2,Nurse,5,39320.84,Active
1928,10,79,Technician,4,49745.65,Active
1929,2,12,Nurse,10,64270.33,Active
1930,3,24,Nurse,5,55304.17,Active
1931,8,59,Nurse,4,73070.36,Active
1932,10,80,Technician,5,32367.77,Active
1933,6,45,Doctor,3,146624.66,Active
1934,6,44,Nurse,8,31751.58,Active
1935,4,31,Admin,7,43031.75,Active
1936,10,79,Admin,5,37411.25,Active
1937,9,70,Nurse,9,54175.35,Active
1938,7,54,Nurse,5,40763.44,Active
1939,9,68,Doctor,4,187081.37,Active
1940,1,8,Doctor,2,166994.04,Active
1941,8,61,Admin,7,49435.79,Active
1942,2,11,Nurse,3,33317.56,Active
1943,1,7,Doctor,5,200893.44,Contract
1944,8,60,Nurse,7,56268.56,Active
1945,10,77,Nurse,5,53737.75,Active
1946,10,73,Technician,3,57984.45,Active
1947,4,31,Nurse,4,31743.3,Active
1948,2,14,Nurse,1,54699.36,Active
1949,6,43,Nurse,5,41061.77,Active
1950,4,29,Nurse,5,50504.48,Active
1951,8,63,Admin,4,53872.25,Active
1952,3,22,Nurse,12,55288.27,On Leave
1953,4,31,Nurse,5,66446.65,Active
1954,10,78,Nurse,12,30209.86,Active
1955,1,6,Doctor,8,123217.79,Active
1956,2,15,Doctor,4,119580.88,Active
1957,3,21,Nurse,3,50239.58,Active
1958,10,78,Nurse,7,56192.78,Active
1959,5,37,Doctor,6,194193.34,Active
1960,1,3,Technician,0,58897.29,Active
1961,8,62,Nurse,5,78582.53,Active
1962,8,62,Nurse,9,50211.79,Active
1963,6,43,Technician,4,40011.08,Active
1964,9,66,Doctor,6,140272.97,Active
1965,7,54,Doctor,7,202743.08,Active
1966,10,75,Doctor,6,178009.36,Active
1967,7,52,Doctor,6,123241.38,Active
1968,1,6,Doctor,7,172066.7,Retired
1969,1,2,Nurse,5,31839.45,Active
1970,6,42,Doctor,5,214413.81,Active
1971,5,35,Nurse,11,64925.49,Active
1972,2,10,Doctor,2,205561.75,Active
1973,10,78,Admin,7,52679.69,On Leave
1974,1,6,Doctor,3,198007.74,Active
1975,3,21,Nurse,8,69052.16,Active
1976,8,58,Technician,5,56214.31,Active
1977,1,5,Nurse,9,40190.97,Active
1978,1,1,Technician,5,27659.71,Active
1979,7,50,Nurse,7,53799.15,Active
1980,7,49,Nurse,9,79022.44,Active
1981,4,32,Doctor,4,151524.65,Active
1982,6,48,Technician,4,60796.05,Active
1983,6,48,Nurse,5,73577.1,Active
1984,9,72,Doctor,2,93950.81,Active
1985,1,5,Nurse,5,54079.45,Active
1986,1,8,Technician,12,26903.59,Active
1987,7,55,Doctor,4,231994.76,Active
1988,7,53,Doctor,3,182713.59,Active
1989,6,48,Technician,3,63420.77,On Leave
1990,2,15,Technician,5,32099.96,Active
1991,9,66,Nurse,8,52703.81,Active
1992,7,54,Doctor,3,110895.88,Active
1993,8,60,Nurse,4,53972.31,Active
1994,4,30,Technician,9,28086.53,Active
1995,4,29,Nurse,9,50498.99,Active
1996,5,34,Technician,11,43720.62,Active
1997,10,79,Doctor,13,106173.55,Active
1998,1,6,Nurse,2,68526.26,Active
1999,3,21,Technician,6,53180.15,Active
2000,6,48,Technician,6,48377.86,Active
